Order,Latitude,Longitude,Unused,Altitude,Days,Date,Time
0,39.8510833,116.34831489999999,0,344.5,40011.2809722222,2009-07-17,06:44:36
1,39.8510549,116.34828490000001,0,344.5,40011.2809953704,2009-07-17,06:44:38
2,39.8510133,116.3482449,0,344.5,40011.2810185185,2009-07-17,06:44:40
3,39.850983299999996,116.3481983,0,344.5,40011.281053240695,2009-07-17,06:44:43
4,39.8509333,116.34818999999999,0,344.5,40011.281087963,2009-07-17,06:44:46
5,39.8509183,116.34820829999998,0,341.2,40011.2811226852,2009-07-17,06:44:49
6,39.8509433,116.3482133,0,341.2,40011.2811574074,2009-07-17,06:44:52
7,39.850974900000004,116.3482149,0,341.2,40011.2815393518,2009-07-17,06:45:25
8,39.85098,116.34823490000002,0,341.2,40011.2815740741,2009-07-17,06:45:28
9,39.8509633,116.34823999999999,0,341.2,40011.2820949074,2009-07-17,06:46:13
10,39.8509716,116.34825159999998,0,341.2,40011.2821296296,2009-07-17,06:46:16
11,39.8509716,116.34825159999998,0,341.2,40011.2821412037,2009-07-17,06:46:17
12,39.85098,116.34825659999998,0,341.2,40011.282164351804,2009-07-17,06:46:19
13,39.8509683,116.3482149,0,341.2,40011.2821990741,2009-07-17,06:46:22
14,39.850958299999995,116.3481633,0,341.2,40011.2822337963,2009-07-17,06:46:25
15,39.8509266,116.3481616,0,341.2,40011.2822685185,2009-07-17,06:46:28
16,39.850913299999995,116.348155,0,341.2,40011.282303240696,2009-07-17,06:46:31
17,39.8509216,116.3481783,0,341.2,40011.282337963,2009-07-17,06:46:34
18,39.8508866,116.3482166,0,341.2,40011.2823726852,2009-07-17,06:46:37
19,39.850888299999994,116.3482716,0,341.2,40011.2824074074,2009-07-17,06:46:40
20,39.8509233,116.3483883,0,341.2,40011.2824421296,2009-07-17,06:46:43
21,39.8509533,116.34850829999999,0,341.2,40011.2824652778,2009-07-17,06:46:45
22,39.851005,116.3486449,0,341.2,40011.282488425895,2009-07-17,06:46:47
23,39.851091600000004,116.34883159999998,0,341.2,40011.2825115741,2009-07-17,06:46:49
24,39.851145,116.34897659999999,0,341.2,40011.2825347222,2009-07-17,06:46:51
25,39.851183299999995,116.34913329999999,0,341.2,40011.2825578704,2009-07-17,06:46:53
26,39.851223299999994,116.349305,0,341.2,40011.2825810185,2009-07-17,06:46:55
27,39.851253299999996,116.3494699,0,341.2,40011.2826041667,2009-07-17,06:46:57
28,39.8512949,116.3496533,0,341.2,40011.2826273148,2009-07-17,06:46:59
29,39.8513499,116.34985490000001,0,341.2,40011.282650463,2009-07-17,06:47:01
30,39.8517249,116.35117659999999,0,337.9,40011.2828125,2009-07-17,06:47:15
31,39.8518099,116.35136990000001,0,334.6,40011.282835648104,2009-07-17,06:47:17
32,39.8518866,116.351575,0,331.4,40011.2828587963,2009-07-17,06:47:19
33,39.8519833,116.35182490000001,0,324.8,40011.2828819444,2009-07-17,06:47:21
34,39.8520799,116.35203159999999,0,321.5,40011.2829050926,2009-07-17,06:47:23
35,39.8521649,116.35224,0,318.2,40011.2829282407,2009-07-17,06:47:25
36,39.8522349,116.35245490000001,0,318.2,40011.2829513889,2009-07-17,06:47:27
37,39.8522933,116.35265659999999,0,315.0,40011.282974537,2009-07-17,06:47:29
38,39.8523666,116.35285159999998,0,315.0,40011.2829976852,2009-07-17,06:47:31
39,39.852436600000004,116.35305490000002,0,315.0,40011.2830208333,2009-07-17,06:47:33
40,39.8524966,116.3532633,0,311.7,40011.2830439815,2009-07-17,06:47:35
41,39.8525399,116.3534499,0,311.7,40011.283067129596,2009-07-17,06:47:37
42,39.8525966,116.3536533,0,311.7,40011.2830902778,2009-07-17,06:47:39
43,39.8526516,116.35386159999999,0,308.4,40011.283113425896,2009-07-17,06:47:41
44,39.8526799,116.35407,0,308.4,40011.2831365741,2009-07-17,06:47:43
45,39.8526883,116.3542899,0,305.1,40011.2831597222,2009-07-17,06:47:45
46,39.8527049,116.35448490000002,0,305.1,40011.2831828704,2009-07-17,06:47:47
47,39.8527583,116.35468329999999,0,301.8,40011.2832060185,2009-07-17,06:47:49
48,39.8528033,116.35489,0,301.8,40011.2832291667,2009-07-17,06:47:51
49,39.8528483,116.3550733,0,298.6,40011.2832523148,2009-07-17,06:47:53
50,39.8529049,116.35522659999998,0,298.6,40011.283275463,2009-07-17,06:47:55
51,39.8529516,116.35536499999999,0,298.6,40011.283298611095,2009-07-17,06:47:57
52,39.852995,116.3554899,0,295.3,40011.2833217593,2009-07-17,06:47:59
53,39.8530299,116.3555883,0,295.3,40011.2833449074,2009-07-17,06:48:01
54,39.8530683,116.35564,0,295.3,40011.2833680556,2009-07-17,06:48:03
55,39.85304,116.3556649,0,295.3,40011.2833912037,2009-07-17,06:48:05
56,39.852996600000004,116.3556933,0,295.3,40011.283425925896,2009-07-17,06:48:08
57,39.8529749,116.35571159999999,0,295.3,40011.2835763889,2009-07-17,06:48:21
58,39.852998299999996,116.35575990000001,0,295.3,40011.283611111096,2009-07-17,06:48:24
59,39.8530283,116.35585,0,295.3,40011.283645833304,2009-07-17,06:48:27
60,39.853088299999996,116.3559866,0,295.3,40011.2836689815,2009-07-17,06:48:29
61,39.853134999999995,116.35610659999999,0,295.3,40011.2836921296,2009-07-17,06:48:31
62,39.8531766,116.35623159999999,0,295.3,40011.2837152778,2009-07-17,06:48:33
63,39.8532299,116.35637659999998,0,295.3,40011.2837384259,2009-07-17,06:48:35
64,39.8532833,116.35651829999999,0,295.3,40011.2837615741,2009-07-17,06:48:37
65,39.853336600000006,116.3566683,0,295.3,40011.2837847222,2009-07-17,06:48:39
66,39.853398299999995,116.3568149,0,295.3,40011.2838078704,2009-07-17,06:48:41
67,39.853468299999996,116.35695990000002,0,295.3,40011.2838310185,2009-07-17,06:48:43
68,39.85353,116.35711,0,295.3,40011.2838541667,2009-07-17,06:48:45
69,39.8536266,116.3572399,0,295.3,40011.2838773148,2009-07-17,06:48:47
70,39.8535683,116.3574716,0,295.3,40011.283900463,2009-07-17,06:48:49
71,39.8535799,116.357665,0,295.3,40011.283923611096,2009-07-17,06:48:51
72,39.8535949,116.35786,0,292.0,40011.2839467593,2009-07-17,06:48:53
73,39.8536366,116.35804329999999,0,292.0,40011.2839699074,2009-07-17,06:48:55
74,39.8536833,116.35822160000001,0,292.0,40011.2839930556,2009-07-17,06:48:57
75,39.8536116,116.35843500000001,0,292.0,40011.2840162037,2009-07-17,06:48:59
76,39.8536383,116.35861990000001,0,292.0,40011.2840393518,2009-07-17,06:49:01
77,39.8536783,116.35880829999999,0,292.0,40011.2840625,2009-07-17,06:49:03
78,39.853725,116.3589933,0,292.0,40011.2840856481,2009-07-17,06:49:05
79,39.8537766,116.35918659999999,0,288.7,40011.2841087963,2009-07-17,06:49:07
80,39.8538299,116.35938490000001,0,288.7,40011.2841319444,2009-07-17,06:49:09
81,39.8538833,116.3595933,0,288.7,40011.284155092595,2009-07-17,06:49:11
82,39.853936600000004,116.35980330000001,0,285.4,40011.2841782407,2009-07-17,06:49:13
83,39.8539849,116.360025,0,285.4,40011.2842013889,2009-07-17,06:49:15
84,39.854034999999996,116.3602416,0,282.2,40011.284224537005,2009-07-17,06:49:17
85,39.8540849,116.36044,0,275.6,40011.2842476852,2009-07-17,06:49:19
86,39.8541399,116.3606249,0,272.3,40011.2842708333,2009-07-17,06:49:21
87,39.8541933,116.36080829999999,0,269.0,40011.2842939815,2009-07-17,06:49:23
88,39.85424329999999,116.36100159999998,0,265.7,40011.2843171296,2009-07-17,06:49:25
89,39.8542916,116.3611883,0,262.5,40011.284340277794,2009-07-17,06:49:27
90,39.854338299999995,116.3613733,0,259.2,40011.2843634259,2009-07-17,06:49:29
91,39.854381599999996,116.3615716,0,255.9,40011.2843865741,2009-07-17,06:49:31
92,39.854414899999995,116.36177990000002,0,252.6,40011.284409722204,2009-07-17,06:49:33
93,39.8544583,116.36198490000001,0,249.3,40011.2844328704,2009-07-17,06:49:35
94,39.8545033,116.3621983,0,249.3,40011.284456018504,2009-07-17,06:49:37
95,39.8545483,116.36241329999999,0,246.1,40011.2844791667,2009-07-17,06:49:39
96,39.8546066,116.36262990000002,0,246.1,40011.2845023148,2009-07-17,06:49:41
97,39.85466829999999,116.36282659999998,0,242.8,40011.284525463,2009-07-17,06:49:43
98,39.854723299999996,116.36303490000002,0,242.8,40011.2845486111,2009-07-17,06:49:45
99,39.8547833,116.36323159999999,0,242.8,40011.2845717593,2009-07-17,06:49:47
100,39.8548466,116.3634166,0,239.5,40011.2845949074,2009-07-17,06:49:49
101,39.8549066,116.36360159999998,0,239.5,40011.2846180556,2009-07-17,06:49:51
102,39.8549649,116.36378490000001,0,236.2,40011.2846412037,2009-07-17,06:49:53
103,39.855025,116.3639633,0,236.2,40011.2846643519,2009-07-17,06:49:55
104,39.8550833,116.3641399,0,232.9,40011.2846875,2009-07-17,06:49:57
105,39.8551316,116.3643149,0,232.9,40011.2847106481,2009-07-17,06:49:59
106,39.8551733,116.3644966,0,229.7,40011.284733796296,2009-07-17,06:50:01
107,39.855211600000004,116.36467990000001,0,226.4,40011.2847569444,2009-07-17,06:50:03
108,39.85525,116.3648683,0,223.1,40011.284780092596,2009-07-17,06:50:05
109,39.85528660000001,116.36506159999999,0,219.8,40011.2848032407,2009-07-17,06:50:07
110,39.855323299999995,116.3652616,0,216.5,40011.2848263889,2009-07-17,06:50:09
111,39.855359899999996,116.36546159999999,0,213.3,40011.284849537005,2009-07-17,06:50:11
112,39.855393299999996,116.3656666,0,213.3,40011.2848726852,2009-07-17,06:50:13
113,39.85542,116.3659033,0,206.7,40011.2848958333,2009-07-17,06:50:15
114,39.855458299999995,116.3661233,0,203.4,40011.2849189815,2009-07-17,06:50:17
115,39.855486600000006,116.36636159999999,0,203.4,40011.2849421296,2009-07-17,06:50:19
116,39.855505,116.3666216,0,200.1,40011.284965277795,2009-07-17,06:50:21
117,39.855546600000004,116.3668483,0,200.1,40011.2849884259,2009-07-17,06:50:23
118,39.8555799,116.3670733,0,196.9,40011.2850115741,2009-07-17,06:50:25
119,39.8556066,116.3672966,0,193.6,40011.285034722205,2009-07-17,06:50:27
120,39.8556233,116.36750990000002,0,193.6,40011.2850578704,2009-07-17,06:50:29
121,39.8556333,116.3677416,0,190.3,40011.285081018505,2009-07-17,06:50:31
122,39.855645,116.36797490000001,0,190.3,40011.2851041667,2009-07-17,06:50:33
123,39.855663299999996,116.36820829999999,0,187.0,40011.2851273148,2009-07-17,06:50:35
124,39.855675,116.3684416,0,187.0,40011.285150463,2009-07-17,06:50:37
125,39.8557066,116.36868500000001,0,190.3,40011.2851736111,2009-07-17,06:50:39
126,39.8557016,116.368925,0,190.3,40011.2851967593,2009-07-17,06:50:41
127,39.8557033,116.36915659999998,0,190.3,40011.285219907404,2009-07-17,06:50:43
128,39.8557033,116.3693899,0,190.3,40011.2852430556,2009-07-17,06:50:45
129,39.8557099,116.3696216,0,190.3,40011.285266203704,2009-07-17,06:50:47
130,39.8557249,116.36985990000002,0,190.3,40011.2852893519,2009-07-17,06:50:49
131,39.85573660000001,116.37007659999998,0,190.3,40011.2853125,2009-07-17,06:50:51
132,39.8557333,116.3702933,0,190.3,40011.2853356482,2009-07-17,06:50:53
133,39.8557099,116.3705249,0,190.3,40011.285358796296,2009-07-17,06:50:55
134,39.8557066,116.37075490000001,0,190.3,40011.2853819444,2009-07-17,06:50:57
135,39.8557,116.3709666,0,190.3,40011.285405092596,2009-07-17,06:50:59
136,39.8556966,116.3711966,0,190.3,40011.2854282407,2009-07-17,06:51:01
137,39.8557,116.37141329999999,0,187.0,40011.2854513889,2009-07-17,06:51:03
138,39.8556933,116.3715716,0,187.0,40011.285474537,2009-07-17,06:51:05
139,39.855685,116.3717866,0,187.0,40011.2854976852,2009-07-17,06:51:07
140,39.855683299999995,116.3719899,0,187.0,40011.2855208333,2009-07-17,06:51:09
141,39.8556766,116.3722149,0,187.0,40011.285543981496,2009-07-17,06:51:11
142,39.8556666,116.37242830000001,0,187.0,40011.2855671296,2009-07-17,06:51:13
143,39.8556549,116.37263159999999,0,187.0,40011.285590277796,2009-07-17,06:51:15
144,39.855636600000004,116.37281829999999,0,183.7,40011.2856134259,2009-07-17,06:51:17
145,39.8556216,116.37299990000001,0,183.7,40011.2856365741,2009-07-17,06:51:19
146,39.8556066,116.3731866,0,183.7,40011.285659722205,2009-07-17,06:51:21
147,39.8555966,116.37338000000001,0,183.7,40011.2856828704,2009-07-17,06:51:23
148,39.8556,116.37358329999999,0,183.7,40011.2857060185,2009-07-17,06:51:25
149,39.8555983,116.37378000000001,0,183.7,40011.2857291667,2009-07-17,06:51:27
150,39.85559,116.37398490000001,0,183.7,40011.2857523148,2009-07-17,06:51:29
151,39.855593299999995,116.3741699,0,183.7,40011.285775462995,2009-07-17,06:51:31
152,39.855571600000005,116.37432,0,183.7,40011.2857986111,2009-07-17,06:51:33
153,39.8555866,116.37451329999999,0,183.7,40011.2858217593,2009-07-17,06:51:35
154,39.8556016,116.37474990000001,0,180.4,40011.285844907405,2009-07-17,06:51:37
155,39.855605,116.37497830000001,0,180.4,40011.2858680556,2009-07-17,06:51:39
156,39.85559,116.37518490000002,0,180.4,40011.285891203705,2009-07-17,06:51:41
157,39.8555816,116.3753983,0,177.2,40011.2859143519,2009-07-17,06:51:43
158,39.8555666,116.3756,0,177.2,40011.2859375,2009-07-17,06:51:45
159,39.8555549,116.37580659999999,0,177.2,40011.2859606481,2009-07-17,06:51:47
160,39.8555616,116.37598,0,173.9,40011.2859837963,2009-07-17,06:51:49
161,39.8555566,116.37615500000001,0,173.9,40011.2860069444,2009-07-17,06:51:51
162,39.85556,116.37626829999999,0,173.9,40011.2860300926,2009-07-17,06:51:53
163,39.8555649,116.3763616,0,173.9,40011.2860532407,2009-07-17,06:51:55
164,39.85552,116.37632830000001,0,173.9,40011.286076388904,2009-07-17,06:51:57
165,39.8555166,116.3763683,0,173.9,40011.2861111111,2009-07-17,06:52:00
166,39.8555133,116.37638500000001,0,173.9,40011.2861458333,2009-07-17,06:52:03
167,39.8555166,116.3764449,0,173.9,40011.2861805556,2009-07-17,06:52:06
168,39.85552,116.37655659999999,0,173.9,40011.286215277796,2009-07-17,06:52:09
169,39.85553,116.3766699,0,173.9,40011.2862384259,2009-07-17,06:52:11
170,39.8555366,116.3768133,0,173.9,40011.2862615741,2009-07-17,06:52:13
171,39.8555416,116.3769683,0,173.9,40011.2862847222,2009-07-17,06:52:15
172,39.855534999999996,116.3771199,0,173.9,40011.2863078704,2009-07-17,06:52:17
173,39.855534999999996,116.37728999999999,0,173.9,40011.2863310185,2009-07-17,06:52:19
174,39.85551829999999,116.3774916,0,173.9,40011.286354166696,2009-07-17,06:52:21
175,39.855498299999994,116.37769990000001,0,173.9,40011.2863773148,2009-07-17,06:52:23
176,39.85549,116.37791329999999,0,173.9,40011.286400462996,2009-07-17,06:52:25
177,39.85549,116.37814159999999,0,173.9,40011.2864236111,2009-07-17,06:52:27
178,39.8554766,116.37836829999999,0,173.9,40011.2864467593,2009-07-17,06:52:29
179,39.8554683,116.3785899,0,173.9,40011.286469907405,2009-07-17,06:52:31
180,39.8555066,116.37883659999999,0,173.9,40011.2864930556,2009-07-17,06:52:33
181,39.8555333,116.3790916,0,170.6,40011.2865162037,2009-07-17,06:52:35
182,39.855546600000004,116.37930829999999,0,170.6,40011.2865393519,2009-07-17,06:52:37
183,39.8555499,116.3795166,0,170.6,40011.2865625,2009-07-17,06:52:39
184,39.8555649,116.37972490000001,0,170.6,40011.2865856481,2009-07-17,06:52:41
185,39.8555849,116.379925,0,170.6,40011.2866087963,2009-07-17,06:52:43
186,39.855593299999995,116.38012659999998,0,167.3,40011.2866319444,2009-07-17,06:52:45
187,39.8556016,116.3803216,0,167.3,40011.2866550926,2009-07-17,06:52:47
188,39.8556066,116.38052990000001,0,167.3,40011.2866782407,2009-07-17,06:52:49
189,39.8556066,116.38073659999999,0,167.3,40011.286701388904,2009-07-17,06:52:51
190,39.855593299999995,116.38094,0,164.0,40011.286724537,2009-07-17,06:52:53
191,39.855588299999994,116.38115,0,164.0,40011.2867476852,2009-07-17,06:52:55
192,39.8555949,116.3813499,0,160.8,40011.2867708333,2009-07-17,06:52:57
193,39.8556083,116.38155330000001,0,160.8,40011.2867939815,2009-07-17,06:52:59
194,39.855618299999996,116.381775,0,157.5,40011.2868171296,2009-07-17,06:53:01
195,39.855615,116.3820233,0,157.5,40011.2868402778,2009-07-17,06:53:03
196,39.8556066,116.38227830000001,0,157.5,40011.2868634259,2009-07-17,06:53:05
197,39.8555949,116.3825466,0,154.2,40011.286886574104,2009-07-17,06:53:07
198,39.8555849,116.3827983,0,154.2,40011.2869097222,2009-07-17,06:53:09
199,39.8555699,116.3830416,0,154.2,40011.286932870404,2009-07-17,06:53:11
200,39.8555549,116.3832683,0,150.9,40011.2869560185,2009-07-17,06:53:13
201,39.8555549,116.3834949,0,147.6,40011.286979166696,2009-07-17,06:53:15
202,39.8555533,116.3837199,0,147.6,40011.2870023148,2009-07-17,06:53:17
203,39.8555516,116.38393329999998,0,147.6,40011.287025462996,2009-07-17,06:53:19
204,39.8555516,116.3841399,0,147.6,40011.2870486111,2009-07-17,06:53:21
205,39.8555533,116.3843466,0,147.6,40011.2870717593,2009-07-17,06:53:23
206,39.8555566,116.38454660000001,0,144.4,40011.287094907406,2009-07-17,06:53:25
207,39.8555516,116.3847233,0,144.4,40011.2871180556,2009-07-17,06:53:27
208,39.8555533,116.3848899,0,141.1,40011.2871412037,2009-07-17,06:53:29
209,39.8555499,116.3850649,0,141.1,40011.2871643519,2009-07-17,06:53:31
210,39.855545,116.3853433,0,141.1,40011.287199074104,2009-07-17,06:53:34
211,39.855545,116.3855216,0,141.1,40011.2872222222,2009-07-17,06:53:36
212,39.8556266,116.38619990000001,0,137.8,40011.2873032407,2009-07-17,06:53:43
213,39.85584,116.38680990000002,0,137.8,40011.2873611111,2009-07-17,06:53:48
214,39.8558649,116.38703159999999,0,134.5,40011.2873842593,2009-07-17,06:53:50
215,39.8557266,116.3871783,0,134.5,40011.2874074074,2009-07-17,06:53:52
216,39.8557183,116.3873666,0,134.5,40011.2874305556,2009-07-17,06:53:54
217,39.85573,116.38753829999999,0,131.2,40011.2874537037,2009-07-17,06:53:56
218,39.8557,116.387695,0,131.2,40011.287476851896,2009-07-17,06:53:58
219,39.8556549,116.3878916,0,131.2,40011.2875,2009-07-17,06:54:00
220,39.85561989999999,116.3881,0,131.2,40011.2875231481,2009-07-17,06:54:02
221,39.855593299999995,116.388305,0,128.0,40011.2875462963,2009-07-17,06:54:04
222,39.8555783,116.38851329999999,0,128.0,40011.2875694444,2009-07-17,06:54:06
223,39.8555833,116.3889466,0,128.0,40011.2876157407,2009-07-17,06:54:10
224,39.855588299999994,116.38913329999998,0,128.0,40011.2876388889,2009-07-17,06:54:12
225,39.8556,116.3893283,0,128.0,40011.287662037,2009-07-17,06:54:14
226,39.8556033,116.38953659999999,0,124.7,40011.2876851852,2009-07-17,06:54:16
227,39.8556083,116.38974990000001,0,124.7,40011.2877083333,2009-07-17,06:54:18
228,39.8556249,116.38998000000001,0,124.7,40011.2877314815,2009-07-17,06:54:20
229,39.855615,116.3901616,0,124.7,40011.2877546296,2009-07-17,06:54:22
230,39.855636600000004,116.39040829999999,0,124.7,40011.2877777778,2009-07-17,06:54:24
231,39.85566,116.3906433,0,124.7,40011.2878009259,2009-07-17,06:54:26
232,39.8556432,116.3909033,0,124.7,40011.287824074105,2009-07-17,06:54:28
233,39.855615,116.39115159999999,0,124.7,40011.2878472222,2009-07-17,06:54:30
234,39.8555966,116.39142659999999,0,121.4,40011.2878703704,2009-07-17,06:54:32
235,39.855591600000004,116.39170659999999,0,121.4,40011.2878935185,2009-07-17,06:54:34
236,39.8555816,116.3920033,0,118.1,40011.2879166667,2009-07-17,06:54:36
237,39.8555766,116.3922966,0,118.1,40011.2879398148,2009-07-17,06:54:38
238,39.855571600000005,116.39258500000001,0,114.8,40011.287962963,2009-07-17,06:54:40
239,39.8555666,116.39286499999999,0,111.5,40011.2879861111,2009-07-17,06:54:42
240,39.8555649,116.39313159999999,0,108.3,40011.288009259304,2009-07-17,06:54:44
241,39.8555633,116.3933949,0,105.0,40011.2880324074,2009-07-17,06:54:46
242,39.8555649,116.3936483,0,105.0,40011.288055555604,2009-07-17,06:54:48
243,39.8555666,116.3942983,0,101.7,40011.2881134259,2009-07-17,06:54:53
244,39.8555732,116.39453490000001,0,101.7,40011.288136574105,2009-07-17,06:54:55
245,39.8555866,116.39478159999999,0,101.7,40011.2881597222,2009-07-17,06:54:57
246,39.855616600000005,116.39501000000001,0,101.7,40011.2881828704,2009-07-17,06:54:59
247,39.8556432,116.3952216,0,98.4,40011.2882060185,2009-07-17,06:55:01
248,39.855645,116.3953983,0,98.4,40011.2882291667,2009-07-17,06:55:03
249,39.8555983,116.3955649,0,98.4,40011.2882523148,2009-07-17,06:55:05
250,39.8555849,116.39573829999999,0,98.4,40011.288275463,2009-07-17,06:55:07
251,39.8555799,116.39593159999998,0,98.4,40011.2882986111,2009-07-17,06:55:09
252,39.855575,116.3961133,0,95.1,40011.288321759304,2009-07-17,06:55:11
253,39.8555732,116.3962733,0,98.4,40011.2883449074,2009-07-17,06:55:13
254,39.855571600000005,116.39643159999999,0,98.4,40011.288368055604,2009-07-17,06:55:15
255,39.8555633,116.39658829999999,0,98.4,40011.2883912037,2009-07-17,06:55:17
256,39.855546600000004,116.3967366,0,98.4,40011.2884143519,2009-07-17,06:55:19
257,39.8555316,116.396875,0,98.4,40011.2884375,2009-07-17,06:55:21
258,39.855501600000004,116.3970166,0,101.7,40011.2884606481,2009-07-17,06:55:23
259,39.8554566,116.3971433,0,101.7,40011.2884837963,2009-07-17,06:55:25
260,39.8554549,116.39728329999998,0,105.0,40011.2885069444,2009-07-17,06:55:27
261,39.855465,116.39743659999999,0,105.0,40011.2885300926,2009-07-17,06:55:29
262,39.8554666,116.3975866,0,105.0,40011.2885532407,2009-07-17,06:55:31
263,39.855465,116.3977433,0,105.0,40011.2885763889,2009-07-17,06:55:33
264,39.855461600000005,116.39790490000001,0,105.0,40011.288599537,2009-07-17,06:55:35
265,39.85552,116.39807490000001,0,105.0,40011.2886226852,2009-07-17,06:55:37
266,39.8555283,116.3982483,0,108.3,40011.2886458333,2009-07-17,06:55:39
267,39.8555333,116.39840659999999,0,108.3,40011.2886689815,2009-07-17,06:55:41
268,39.8555416,116.39853500000001,0,108.3,40011.2886921296,2009-07-17,06:55:43
269,39.8555533,116.39866,0,108.3,40011.2887152778,2009-07-17,06:55:45
270,39.8555216,116.3987483,0,108.3,40011.2887384259,2009-07-17,06:55:47
271,39.855501600000004,116.3987949,0,108.3,40011.2887615741,2009-07-17,06:55:49
272,39.8554299,116.3987683,0,111.5,40011.2887847222,2009-07-17,06:55:51
273,39.8553866,116.39878329999999,0,111.5,40011.2888194444,2009-07-17,06:55:54
274,39.8554016,116.3988216,0,114.8,40011.2888541667,2009-07-17,06:55:57
275,39.8553966,116.3988949,0,114.8,40011.2888888889,2009-07-17,06:56:00
276,39.855391600000004,116.39903829999999,0,118.1,40011.2889236111,2009-07-17,06:56:03
277,39.8553999,116.3991116,0,121.4,40011.288946759305,2009-07-17,06:56:05
278,39.8554083,116.3991416,0,121.4,40011.2889699074,2009-07-17,06:56:07
279,39.85545,116.399165,0,124.7,40011.2890046296,2009-07-17,06:56:10
280,39.855469899999996,116.3992233,0,124.7,40011.2890393519,2009-07-17,06:56:13
281,39.8555099,116.3992999,0,124.7,40011.2890740741,2009-07-17,06:56:16
282,39.855543299999994,116.39937330000001,0,124.7,40011.2890972222,2009-07-17,06:56:18
283,39.8555366,116.39947659999999,0,128.0,40011.2891203704,2009-07-17,06:56:20
284,39.8555383,116.3995916,0,128.0,40011.2891435185,2009-07-17,06:56:22
285,39.85556,116.399725,0,128.0,40011.2891666667,2009-07-17,06:56:24
286,39.8555666,116.39988989999999,0,128.0,40011.2891898148,2009-07-17,06:56:26
287,39.855568299999995,116.40005330000001,0,128.0,40011.289212963,2009-07-17,06:56:28
288,39.8555766,116.40021329999999,0,128.0,40011.2892361111,2009-07-17,06:56:30
289,39.8555849,116.40039490000001,0,128.0,40011.289259259305,2009-07-17,06:56:32
290,39.8555966,116.4005916,0,128.0,40011.2892824074,2009-07-17,06:56:34
291,39.8556666,116.4008183,0,128.0,40011.2893055556,2009-07-17,06:56:36
292,39.85567,116.4009949,0,128.0,40011.2893287037,2009-07-17,06:56:38
293,39.8556466,116.40118490000002,0,128.0,40011.2893518518,2009-07-17,06:56:40
294,39.8556349,116.40137659999998,0,128.0,40011.289375,2009-07-17,06:56:42
295,39.855645,116.40158999999998,0,128.0,40011.2893981481,2009-07-17,06:56:44
296,39.855641600000006,116.4017933,0,128.0,40011.2894212963,2009-07-17,06:56:46
297,39.8556466,116.40197990000001,0,128.0,40011.2894444444,2009-07-17,06:56:48
298,39.85563,116.40215990000002,0,128.0,40011.2894675926,2009-07-17,06:56:50
299,39.855588299999994,116.40232659999998,0,128.0,40011.289490740695,2009-07-17,06:56:52
300,39.855543299999994,116.4024983,0,128.0,40011.2895138889,2009-07-17,06:56:54
301,39.855548299999995,116.40265159999998,0,128.0,40011.289537037,2009-07-17,06:56:56
302,39.85553,116.40277659999998,0,128.0,40011.2895601852,2009-07-17,06:56:58
303,39.855534999999996,116.40288500000001,0,128.0,40011.2895833333,2009-07-17,06:57:00
304,39.8555833,116.4030433,0,124.7,40011.2896064815,2009-07-17,06:57:02
305,39.855615,116.40316329999999,0,124.7,40011.2896296296,2009-07-17,06:57:04
306,39.8556099,116.40316659999999,0,124.7,40011.2896527778,2009-07-17,06:57:06
307,39.8555983,116.4031916,0,124.7,40011.2896759259,2009-07-17,06:57:08
308,39.8555399,116.4031933,0,124.7,40011.2897106481,2009-07-17,06:57:11
309,39.855534999999996,116.40320659999999,0,128.0,40011.2897800926,2009-07-17,06:57:17
310,39.8555566,116.40327659999998,0,128.0,40011.2898148148,2009-07-17,06:57:20
311,39.8555616,116.40338329999999,0,128.0,40011.289837963,2009-07-17,06:57:22
312,39.8555616,116.4035233,0,128.0,40011.2898611111,2009-07-17,06:57:24
313,39.8555616,116.4036983,0,128.0,40011.2898842593,2009-07-17,06:57:26
314,39.855588299999994,116.4039283,0,128.0,40011.2899074074,2009-07-17,06:57:28
315,39.855615,116.4041483,0,128.0,40011.2899305556,2009-07-17,06:57:30
316,39.8556399,116.40436159999999,0,128.0,40011.2899537037,2009-07-17,06:57:32
317,39.8557,116.4046033,0,128.0,40011.289976851804,2009-07-17,06:57:34
318,39.85573,116.40483490000001,0,124.7,40011.29,2009-07-17,06:57:36
319,39.8557349,116.40503989999999,0,124.7,40011.2900231481,2009-07-17,06:57:38
320,39.8556816,116.40522990000001,0,124.7,40011.2900462963,2009-07-17,06:57:40
321,39.85564829999999,116.4054166,0,124.7,40011.290069444396,2009-07-17,06:57:42
322,39.8556016,116.4055983,0,124.7,40011.2900925926,2009-07-17,06:57:44
323,39.855591600000004,116.40576329999999,0,124.7,40011.290115740696,2009-07-17,06:57:46
324,39.8555966,116.4059233,0,124.7,40011.2901388889,2009-07-17,06:57:48
325,39.855593299999995,116.4060866,0,124.7,40011.290162037,2009-07-17,06:57:50
326,39.8555616,116.4062449,0,124.7,40011.2901851852,2009-07-17,06:57:52
327,39.8555383,116.40640330000001,0,124.7,40011.2902083333,2009-07-17,06:57:54
328,39.85552,116.40655829999999,0,124.7,40011.2902314815,2009-07-17,06:57:56
329,39.8555133,116.40673159999999,0,121.4,40011.2902546296,2009-07-17,06:57:58
330,39.85551829999999,116.40690490000001,0,121.4,40011.2902777778,2009-07-17,06:58:00
331,39.8555032,116.407075,0,121.4,40011.290300925895,2009-07-17,06:58:02
332,39.8554933,116.40725829999998,0,121.4,40011.2903240741,2009-07-17,06:58:04
333,39.855469899999996,116.40740500000001,0,121.4,40011.2903472222,2009-07-17,06:58:06
334,39.8554683,116.4075916,0,121.4,40011.2903703704,2009-07-17,06:58:08
335,39.8554783,116.40777,0,121.4,40011.2903935185,2009-07-17,06:58:10
336,39.8554799,116.40796329999999,0,121.4,40011.2904166667,2009-07-17,06:58:12
337,39.855469899999996,116.40814990000001,0,118.1,40011.2904398148,2009-07-17,06:58:14
338,39.8554716,116.4083433,0,118.1,40011.290462963,2009-07-17,06:58:16
339,39.8554716,116.40852,0,118.1,40011.2904861111,2009-07-17,06:58:18
340,39.8554783,116.4086866,0,118.1,40011.2905092593,2009-07-17,06:58:20
341,39.8554816,116.40885159999998,0,118.1,40011.2905324074,2009-07-17,06:58:22
342,39.8554799,116.4090283,0,118.1,40011.2905555556,2009-07-17,06:58:24
343,39.8554683,116.40920659999999,0,114.8,40011.2905787037,2009-07-17,06:58:26
344,39.8554683,116.40940490000001,0,114.8,40011.290601851804,2009-07-17,06:58:28
345,39.855465,116.4095883,0,114.8,40011.290625,2009-07-17,06:58:30
346,39.8554549,116.4097583,0,114.8,40011.290648148104,2009-07-17,06:58:32
347,39.855444899999995,116.40992659999998,0,114.8,40011.2906712963,2009-07-17,06:58:34
348,39.855438299999996,116.4100933,0,111.5,40011.2906944444,2009-07-17,06:58:36
349,39.8554333,116.4102799,0,111.5,40011.2907175926,2009-07-17,06:58:38
350,39.8554333,116.41047659999998,0,111.5,40011.2907407407,2009-07-17,06:58:40
351,39.8554466,116.4106783,0,108.3,40011.2907638889,2009-07-17,06:58:42
352,39.85544829999999,116.41088,0,108.3,40011.290787037,2009-07-17,06:58:44
353,39.8554533,116.4110666,0,108.3,40011.2908101852,2009-07-17,06:58:46
354,39.85546,116.41125659999999,0,108.3,40011.2908333333,2009-07-17,06:58:48
355,39.8554683,116.41143829999999,0,105.0,40011.2908564815,2009-07-17,06:58:50
356,39.8554766,116.4115983,0,105.0,40011.290879629596,2009-07-17,06:58:52
357,39.855486600000006,116.41172990000001,0,105.0,40011.2909027778,2009-07-17,06:58:54
358,39.8555083,116.4118416,0,105.0,40011.290925925896,2009-07-17,06:58:56
359,39.855546600000004,116.4118966,0,108.3,40011.2909490741,2009-07-17,06:58:58
360,39.8555549,116.411895,0,108.3,40011.2909722222,2009-07-17,06:59:00
361,39.8555416,116.4118716,0,108.3,40011.2909953704,2009-07-17,06:59:02
362,39.8555766,116.41192659999999,0,108.3,40011.291030092594,2009-07-17,06:59:05
363,39.8555533,116.4119283,0,108.3,40011.2910648148,2009-07-17,06:59:08
364,39.8555366,116.41195330000001,0,111.5,40011.291099537004,2009-07-17,06:59:11
365,39.855486600000006,116.41199499999999,0,118.1,40011.2911342593,2009-07-17,06:59:14
366,39.855431599999996,116.41198659999999,0,121.4,40011.2911689815,2009-07-17,06:59:17
367,39.855393299999996,116.41199499999999,0,124.7,40011.2912037037,2009-07-17,06:59:20
368,39.8553733,116.41199499999999,0,124.7,40011.2921990741,2009-07-17,07:00:46
369,39.8553699,116.412,0,124.7,40011.2929513889,2009-07-17,07:01:51
370,39.8553699,116.412,0,124.7,40011.293391203704,2009-07-17,07:02:29
371,39.8553616,116.41199499999999,0,124.7,40011.2934143519,2009-07-17,07:02:31
372,39.8555699,116.413845,0,124.7,40011.2936805556,2009-07-17,07:02:54
373,39.8555816,116.41402830000001,0,124.7,40011.293703703705,2009-07-17,07:02:56
374,39.8556283,116.41392990000001,0,124.7,40011.2937268519,2009-07-17,07:02:58
375,39.855675,116.41416159999999,0,124.7,40011.2938194444,2009-07-17,07:03:06
376,39.855663299999996,116.414305,0,124.7,40011.2938425926,2009-07-17,07:03:08
377,39.855616600000005,116.4144666,0,124.7,40011.2938657407,2009-07-17,07:03:10
378,39.8556016,116.4146466,0,124.7,40011.293888888904,2009-07-17,07:03:12
379,39.8555849,116.41483829999999,0,124.7,40011.293912037,2009-07-17,07:03:14
380,39.855568299999995,116.4150483,0,124.7,40011.293935185204,2009-07-17,07:03:16
381,39.8555949,116.41522830000001,0,124.7,40011.2939583333,2009-07-17,07:03:18
382,39.8616283,116.4155783,0,124.7,40011.2948148148,2009-07-17,07:04:32
383,39.8619016,116.41554,0,124.7,40011.294849537,2009-07-17,07:04:35
384,39.863741600000004,116.41548329999999,0,124.7,40011.2951273148,2009-07-17,07:04:59
385,39.863754899999996,116.4154466,0,124.7,40011.295150463,2009-07-17,07:05:01
386,39.863766600000005,116.41543159999999,0,124.7,40011.2951736111,2009-07-17,07:05:03
387,39.8637649,116.41542,0,124.7,40011.2951967593,2009-07-17,07:05:05
388,39.8637349,116.4154449,0,124.7,40011.2952314815,2009-07-17,07:05:08
389,39.8637233,116.41545829999998,0,124.7,40011.2952662037,2009-07-17,07:05:11
390,39.863704999999996,116.4154666,0,124.7,40011.2953009259,2009-07-17,07:05:14
391,39.863693299999994,116.4154683,0,124.7,40011.2953935185,2009-07-17,07:05:22
392,39.8637733,116.41545990000002,0,124.7,40011.2954398148,2009-07-17,07:05:26
393,39.8638533,116.4154466,0,124.7,40011.295462963,2009-07-17,07:05:28
394,39.8639816,116.4154299,0,124.7,40011.2954861111,2009-07-17,07:05:30
395,39.8642016,116.41542,0,124.7,40011.295509259304,2009-07-17,07:05:32
396,39.8643616,116.41540330000001,0,124.7,40011.2955324074,2009-07-17,07:05:34
397,39.8645333,116.41535490000001,0,124.7,40011.295555555604,2009-07-17,07:05:36
398,39.864714899999996,116.41533500000001,0,124.7,40011.2955787037,2009-07-17,07:05:38
399,39.8648783,116.4153,0,124.7,40011.295601851896,2009-07-17,07:05:40
400,39.8650099,116.41528159999999,0,124.7,40011.295625,2009-07-17,07:05:42
401,39.8651133,116.41528159999999,0,124.7,40011.2956481481,2009-07-17,07:05:44
402,39.865171600000004,116.41528659999999,0,124.7,40011.2956712963,2009-07-17,07:05:46
403,39.8652333,116.41530490000001,0,124.7,40011.2956944444,2009-07-17,07:05:48
404,39.8653499,116.41547659999998,0,124.7,40011.2957407407,2009-07-17,07:05:52
405,39.865368200000006,116.4155199,0,124.7,40011.2957638889,2009-07-17,07:05:54
406,39.8653433,116.4155233,0,124.7,40011.295787037,2009-07-17,07:05:56
407,39.8653566,116.4155183,0,124.7,40011.2958101852,2009-07-17,07:05:58
408,39.8653833,116.41553490000001,0,124.7,40011.2958333333,2009-07-17,07:06:00
409,39.8654149,116.4155283,0,124.7,40011.2958564815,2009-07-17,07:06:02
410,39.8654049,116.4154649,0,124.7,40011.2959143519,2009-07-17,07:06:07
411,39.8654049,116.4154649,0,124.7,40011.2959259259,2009-07-17,07:06:08
412,39.8654049,116.41545659999998,0,124.7,40011.295949074105,2009-07-17,07:06:10
413,39.8654366,116.415475,0,124.7,40011.2959837963,2009-07-17,07:06:13
414,39.8654599,116.41550659999999,0,124.7,40011.2960185185,2009-07-17,07:06:16
415,39.865486600000004,116.4155416,0,124.7,40011.2960532407,2009-07-17,07:06:19
416,39.8655033,116.4155783,0,124.7,40011.296087963,2009-07-17,07:06:22
417,39.8654933,116.4155783,0,124.7,40011.2961226852,2009-07-17,07:06:25
418,39.86550820000001,116.41570159999998,0,124.7,40011.2961574074,2009-07-17,07:06:28
419,39.8655283,116.41593329999999,0,124.7,40011.2961921296,2009-07-17,07:06:31
420,39.8655566,116.4160899,0,124.7,40011.2962152778,2009-07-17,07:06:33
421,39.865598299999995,116.41613159999999,0,124.7,40011.2962384259,2009-07-17,07:06:35
422,39.8655966,116.4160883,0,124.7,40011.2962615741,2009-07-17,07:06:37
423,39.8655566,116.41603159999998,0,124.7,40011.2962962963,2009-07-17,07:06:40
424,39.865525,116.41598490000001,0,121.4,40011.2964236111,2009-07-17,07:06:51
425,39.865513299999996,116.4159833,0,121.4,40011.2964583333,2009-07-17,07:06:54
426,39.8654933,116.4159716,0,121.4,40011.2964930556,2009-07-17,07:06:57
427,39.8654299,116.4159366,0,121.4,40011.2965277778,2009-07-17,07:07:00
428,39.865378299999996,116.41587990000001,0,121.4,40011.2965625,2009-07-17,07:07:03
429,39.8653416,116.41583159999999,0,121.4,40011.2965972222,2009-07-17,07:07:06
430,39.8652966,116.41577990000002,0,121.4,40011.2966319444,2009-07-17,07:07:09
431,39.865243299999996,116.41573000000001,0,121.4,40011.2966666667,2009-07-17,07:07:12
432,39.865215,116.4157,0,121.4,40011.2967013889,2009-07-17,07:07:15
433,39.8652049,116.41575159999998,0,121.4,40011.2967361111,2009-07-17,07:07:18
434,39.8652049,116.41575159999998,0,121.4,40011.2967476852,2009-07-17,07:07:19
435,39.8652066,116.41575490000001,0,121.4,40011.2967708333,2009-07-17,07:07:21
436,39.8652,116.41574159999999,0,121.4,40011.2968055556,2009-07-17,07:07:24
437,39.8652249,116.4157533,0,121.4,40011.2968402778,2009-07-17,07:07:27
438,39.8652466,116.41575,0,124.7,40011.296875,2009-07-17,07:07:30
439,39.8652683,116.41575,0,124.7,40011.2969097222,2009-07-17,07:07:33
440,39.865298200000005,116.4157466,0,124.7,40011.2969444444,2009-07-17,07:07:36
441,39.865315,116.4157183,0,124.7,40011.2969791667,2009-07-17,07:07:39
442,39.8653466,116.4157216,0,124.7,40011.2970138889,2009-07-17,07:07:42
443,39.86536160000001,116.41570490000001,0,124.7,40011.2970486111,2009-07-17,07:07:45
444,39.865384999999996,116.41572830000001,0,124.7,40011.2970949074,2009-07-17,07:07:49
445,39.8654,116.4157449,0,124.7,40011.2971296296,2009-07-17,07:07:52
446,39.8654016,116.4157616,0,124.7,40011.2971643518,2009-07-17,07:07:55
447,39.8653799,116.41578659999999,0,124.7,40011.2971990741,2009-07-17,07:07:58
448,39.8653433,116.4157749,0,124.7,40011.2972337963,2009-07-17,07:08:01
449,39.865311600000005,116.41577659999999,0,124.7,40011.2972685185,2009-07-17,07:08:04
450,39.8652799,116.41578659999999,0,124.7,40011.297303240695,2009-07-17,07:08:07
451,39.8652499,116.41579490000001,0,124.7,40011.297337963,2009-07-17,07:08:10
452,39.8652116,116.41579159999999,0,124.7,40011.2973726852,2009-07-17,07:08:13
453,39.8651783,116.41579490000001,0,124.7,40011.2974074074,2009-07-17,07:08:16
454,39.865159999999996,116.41579660000001,0,124.7,40011.2974421296,2009-07-17,07:08:19
455,39.8651316,116.415805,0,124.7,40011.2974768518,2009-07-17,07:08:22
456,39.8650649,116.4157899,0,124.7,40011.2975115741,2009-07-17,07:08:25
457,39.8650149,116.41577,0,124.7,40011.2975462963,2009-07-17,07:08:28
458,39.8649816,116.4157249,0,124.7,40011.2975810185,2009-07-17,07:08:31
459,39.8649449,116.41567830000001,0,124.7,40011.297615740696,2009-07-17,07:08:34
460,39.864899900000005,116.41566499999999,0,124.7,40011.297650463,2009-07-17,07:08:37
461,39.8648333,116.41562659999998,0,124.7,40011.2976851852,2009-07-17,07:08:40
462,39.8647616,116.41554,0,124.7,40011.2977199074,2009-07-17,07:08:43
463,39.8647266,116.41552990000001,0,124.7,40011.2977546296,2009-07-17,07:08:46
464,39.8646683,116.41554,0,124.7,40011.297789351804,2009-07-17,07:08:49
465,39.864631599999996,116.41551489999999,0,124.7,40011.2978125,2009-07-17,07:08:51
466,39.864591600000004,116.41550330000001,0,128.0,40011.2978472222,2009-07-17,07:08:54
467,39.864528299999996,116.41543829999999,0,128.0,40011.297881944396,2009-07-17,07:08:57
468,39.8645083,116.4154683,0,128.0,40011.2979166667,2009-07-17,07:09:00
469,39.8645049,116.4154916,0,128.0,40011.2979513889,2009-07-17,07:09:03
470,39.8645216,116.4155933,0,128.0,40011.2979861111,2009-07-17,07:09:06
471,39.8645649,116.4157583,0,128.0,40011.2980208333,2009-07-17,07:09:09
472,39.864585,116.41590330000001,0,128.0,40011.2980555556,2009-07-17,07:09:12
473,39.8645799,116.4159933,0,128.0,40011.2980902778,2009-07-17,07:09:15
474,39.864554999999996,116.41602659999998,0,128.0,40011.298125,2009-07-17,07:09:18
475,39.8645366,116.41605659999999,0,128.0,40011.2981597222,2009-07-17,07:09:21
476,39.8645099,116.4161033,0,128.0,40011.298194444396,2009-07-17,07:09:24
477,39.8645199,116.41613659999999,0,128.0,40011.2982291667,2009-07-17,07:09:27
478,39.8645383,116.41618999999999,0,128.0,40011.2982638889,2009-07-17,07:09:30
479,39.864548299999996,116.41623490000002,0,128.0,40011.2982986111,2009-07-17,07:09:33
480,39.864585,116.41628659999999,0,131.2,40011.2983333333,2009-07-17,07:09:36
481,39.8645799,116.4163166,0,131.2,40011.2983680556,2009-07-17,07:09:39
482,39.864548299999996,116.41636000000001,0,131.2,40011.2984027778,2009-07-17,07:09:42
483,39.8645199,116.4163866,0,131.2,40011.2984375,2009-07-17,07:09:45
484,39.8645,116.41641990000001,0,131.2,40011.2984722222,2009-07-17,07:09:48
485,39.8645099,116.4164466,0,131.2,40011.2985069444,2009-07-17,07:09:51
486,39.8645,116.4164733,0,134.5,40011.2985416667,2009-07-17,07:09:54
487,39.864464899999994,116.41650659999999,0,134.5,40011.2985763889,2009-07-17,07:09:57
488,39.864431599999996,116.41650829999999,0,134.5,40011.2986111111,2009-07-17,07:10:00
489,39.8644066,116.4165399,0,134.5,40011.2986458333,2009-07-17,07:10:03
490,39.8644016,116.4166083,0,134.5,40011.2986805556,2009-07-17,07:10:06
491,39.864436600000005,116.4166283,0,134.5,40011.2987152778,2009-07-17,07:10:09
492,39.8644949,116.41663999999999,0,134.5,40011.29875,2009-07-17,07:10:12
493,39.864548299999996,116.4166733,0,134.5,40011.2987847222,2009-07-17,07:10:15
494,39.8646,116.416725,0,134.5,40011.2988194444,2009-07-17,07:10:18
495,39.8646433,116.4167783,0,134.5,40011.2988541667,2009-07-17,07:10:21
496,39.864695000000005,116.4168916,0,131.2,40011.2988888889,2009-07-17,07:10:24
497,39.8646649,116.41696329999999,0,131.2,40011.298923611095,2009-07-17,07:10:27
498,39.8646683,116.41700829999999,0,131.2,40011.298958333304,2009-07-17,07:10:30
499,39.8646516,116.41700159999998,0,131.2,40011.2989930556,2009-07-17,07:10:33
500,39.8646333,116.4170233,0,128.0,40011.2990277778,2009-07-17,07:10:36
501,39.8646499,116.41709159999999,0,128.0,40011.2990625,2009-07-17,07:10:39
502,39.864674900000004,116.4171133,0,128.0,40011.2990972222,2009-07-17,07:10:42
503,39.864636600000004,116.41715,0,131.2,40011.2991319444,2009-07-17,07:10:45
504,39.864656599999996,116.4171233,0,131.2,40011.2992013889,2009-07-17,07:10:51
505,39.864656599999996,116.41714499999999,0,131.2,40011.299236111096,2009-07-17,07:10:54
506,39.86464829999999,116.4171749,0,131.2,40011.299270833304,2009-07-17,07:10:57
507,39.86464829999999,116.4171749,0,131.2,40011.2993055556,2009-07-17,07:11:00
508,39.864641600000006,116.41718329999999,0,131.2,40011.2993287037,2009-07-17,07:11:02
509,39.86464,116.4171983,0,131.2,40011.2993634259,2009-07-17,07:11:05
510,39.864631599999996,116.41721499999998,0,131.2,40011.2993981481,2009-07-17,07:11:08
511,39.8646066,116.41722,0,131.2,40011.2994328704,2009-07-17,07:11:11
512,39.864593299999996,116.41727,0,131.2,40011.299467592595,2009-07-17,07:11:14
513,39.864585,116.41730159999999,0,131.2,40011.2995023148,2009-07-17,07:11:17
514,39.8645866,116.4173483,0,131.2,40011.299537037004,2009-07-17,07:11:20
515,39.864554999999996,116.4174166,0,131.2,40011.2995717593,2009-07-17,07:11:23
516,39.864534899999995,116.417445,0,131.2,40011.2996064815,2009-07-17,07:11:26
517,39.8644916,116.4174966,0,131.2,40011.2996412037,2009-07-17,07:11:29
518,39.8644916,116.41753829999999,0,131.2,40011.2996759259,2009-07-17,07:11:32
519,39.864498299999994,116.4175683,0,131.2,40011.2997106481,2009-07-17,07:11:35
520,39.86451829999999,116.4176249,0,131.2,40011.2997453704,2009-07-17,07:11:38
521,39.8645066,116.41766489999999,0,131.2,40011.299780092595,2009-07-17,07:11:41
522,39.8645016,116.4176883,0,131.2,40011.299814814796,2009-07-17,07:11:44
523,39.8644933,116.417725,0,131.2,40011.299849537005,2009-07-17,07:11:47
524,39.864458299999995,116.41775159999999,0,131.2,40011.2998842593,2009-07-17,07:11:50
525,39.864445,116.4177716,0,131.2,40011.2999189815,2009-07-17,07:11:53
526,39.864470000000004,116.4177933,0,131.2,40011.2999537037,2009-07-17,07:11:56
527,39.8645033,116.41778329999998,0,131.2,40011.2999884259,2009-07-17,07:11:59
528,39.864534899999995,116.41776000000002,0,131.2,40011.3000231481,2009-07-17,07:12:02
529,39.8645216,116.41776829999999,0,131.2,40011.3000578704,2009-07-17,07:12:05
530,39.8644883,116.417795,0,131.2,40011.300092592595,2009-07-17,07:12:08
531,39.8644666,116.41783329999998,0,131.2,40011.3001273148,2009-07-17,07:12:11
532,39.8644799,116.4178683,0,131.2,40011.300162037005,2009-07-17,07:12:14
533,39.8645083,116.41790990000001,0,131.2,40011.3001967593,2009-07-17,07:12:17
534,39.86451829999999,116.41795,0,131.2,40011.3002314815,2009-07-17,07:12:20
535,39.864513200000005,116.4179966,0,131.2,40011.3002662037,2009-07-17,07:12:23
536,39.8645166,116.418035,0,131.2,40011.3003009259,2009-07-17,07:12:26
537,39.864534899999995,116.4180233,0,131.2,40011.3003356481,2009-07-17,07:12:29
538,39.864534899999995,116.4180233,0,131.2,40011.300532407404,2009-07-17,07:12:46
539,39.8645316,116.4180249,0,131.2,40011.3005555556,2009-07-17,07:12:48
540,39.8645333,116.41805330000001,0,131.2,40011.300590277795,2009-07-17,07:12:51
541,39.8645316,116.4180983,0,131.2,40011.300625,2009-07-17,07:12:54
542,39.8644966,116.41817659999998,0,131.2,40011.300659722205,2009-07-17,07:12:57
543,39.8644466,116.4182483,0,131.2,40011.3006944444,2009-07-17,07:13:00
544,39.86443,116.4183216,0,131.2,40011.3007291667,2009-07-17,07:13:03
545,39.8644033,116.41835990000001,0,131.2,40011.3007638889,2009-07-17,07:13:06
546,39.8643983,116.41842,0,134.5,40011.3007986111,2009-07-17,07:13:09
547,39.864411600000004,116.4184933,0,134.5,40011.3008333333,2009-07-17,07:13:12
548,39.8644016,116.418545,0,134.5,40011.3008680556,2009-07-17,07:13:15
549,39.8643732,116.41861499999999,0,134.5,40011.300902777795,2009-07-17,07:13:18
550,39.8643583,116.41868159999999,0,134.5,40011.3009375,2009-07-17,07:13:21
551,39.8643383,116.41870990000001,0,134.5,40011.300972222205,2009-07-17,07:13:24
552,39.8643499,116.4187433,0,134.5,40011.3010069444,2009-07-17,07:13:27
553,39.8643699,116.4187166,0,134.5,40011.3010416667,2009-07-17,07:13:30
554,39.8643766,116.41875159999998,0,134.5,40011.3010763889,2009-07-17,07:13:33
555,39.864375,116.41877659999999,0,134.5,40011.3011111111,2009-07-17,07:13:36
556,39.8643816,116.41879990000001,0,137.8,40011.3011458333,2009-07-17,07:13:39
557,39.864368299999995,116.4188299,0,137.8,40011.3011805556,2009-07-17,07:13:42
558,39.86439,116.4188466,0,137.8,40011.301215277796,2009-07-17,07:13:45
559,39.8643816,116.41888329999999,0,137.8,40011.30125,2009-07-17,07:13:48
560,39.8644099,116.41890659999999,0,137.8,40011.301284722205,2009-07-17,07:13:51
561,39.8644216,116.41888329999999,0,137.8,40011.301516203705,2009-07-17,07:14:11
562,39.864415,116.4188683,0,137.8,40011.3015509259,2009-07-17,07:14:14
563,39.864415,116.4188916,0,137.8,40011.3016666667,2009-07-17,07:14:24
564,39.8644266,116.418875,0,137.8,40011.301701388904,2009-07-17,07:14:27
565,39.8644533,116.4188699,0,137.8,40011.3017361111,2009-07-17,07:14:30
566,39.864464899999994,116.4188449,0,137.8,40011.3017708333,2009-07-17,07:14:33
567,39.8644883,116.418825,0,137.8,40011.3018055556,2009-07-17,07:14:36
568,39.8645099,116.41879329999999,0,137.8,40011.301840277796,2009-07-17,07:14:39
569,39.864546600000004,116.4187716,0,137.8,40011.301875,2009-07-17,07:14:42
570,39.8645649,116.4187616,0,137.8,40011.3019097222,2009-07-17,07:14:45
571,39.8645833,116.4187666,0,137.8,40011.3019444444,2009-07-17,07:14:48
572,39.864573299999996,116.4187716,0,137.8,40011.301979166696,2009-07-17,07:14:51
573,39.8645399,116.41878500000001,0,137.8,40011.302013888904,2009-07-17,07:14:54
574,39.86439,116.41885829999998,0,137.8,40011.3020486111,2009-07-17,07:14:57
575,39.86423320000001,116.4188699,0,137.8,40011.302094907405,2009-07-17,07:15:01
576,39.8641566,116.41885330000001,0,137.8,40011.3021296296,2009-07-17,07:15:04
577,39.8640749,116.41888329999999,0,137.8,40011.3021643519,2009-07-17,07:15:07
578,39.864006599999996,116.41891329999999,0,137.8,40011.3021990741,2009-07-17,07:15:10
579,39.8639566,116.41888999999999,0,137.8,40011.3022337963,2009-07-17,07:15:13
580,39.863918299999995,116.41885159999998,0,137.8,40011.3022685185,2009-07-17,07:15:16
581,39.8637333,116.41885500000001,0,137.8,40011.302326388904,2009-07-17,07:15:21
582,39.8635549,116.41888329999999,0,137.8,40011.3023611111,2009-07-17,07:15:24
583,39.86342,116.41891329999999,0,137.8,40011.3023842593,2009-07-17,07:15:26
584,39.8632816,116.4189533,0,137.8,40011.302407407406,2009-07-17,07:15:28
585,39.8630982,116.41901659999999,0,137.8,40011.3024305556,2009-07-17,07:15:30
586,39.8628966,116.4190733,0,137.8,40011.3024537037,2009-07-17,07:15:32
587,39.86272,116.41910990000001,0,137.8,40011.3024768519,2009-07-17,07:15:34
588,39.8625633,116.41917990000002,0,137.8,40011.3025,2009-07-17,07:15:36
589,39.8623866,116.41928659999999,0,137.8,40011.3025231481,2009-07-17,07:15:38
590,39.8622066,116.41940159999999,0,137.8,40011.3025462963,2009-07-17,07:15:40
591,39.8620299,116.4195149,0,137.8,40011.3025694444,2009-07-17,07:15:42
592,39.861856599999996,116.4196483,0,137.8,40011.3025925926,2009-07-17,07:15:44
593,39.8617033,116.41976159999999,0,137.8,40011.3026157407,2009-07-17,07:15:46
594,39.86156,116.41988329999998,0,137.8,40011.302638888905,2009-07-17,07:15:48
595,39.861431599999996,116.4200466,0,137.8,40011.302662037,2009-07-17,07:15:50
596,39.8612999,116.4202533,0,137.8,40011.3026851852,2009-07-17,07:15:52
597,39.8611583,116.42048829999999,0,137.8,40011.3027083333,2009-07-17,07:15:54
598,39.861033299999995,116.4207416,0,137.8,40011.3027314815,2009-07-17,07:15:56
599,39.8609199,116.42097659999999,0,137.8,40011.3027546296,2009-07-17,07:15:58
600,39.8608183,116.42120990000002,0,137.8,40011.3027777778,2009-07-17,07:16:00
601,39.8607216,116.4214116,0,137.8,40011.3028009259,2009-07-17,07:16:02
602,39.860599900000004,116.4215966,0,137.8,40011.302824074104,2009-07-17,07:16:04
603,39.8604833,116.42178659999999,0,137.8,40011.3028472222,2009-07-17,07:16:06
604,39.860369899999995,116.42200000000001,0,137.8,40011.302870370404,2009-07-17,07:16:08
605,39.8602516,116.42215159999998,0,137.8,40011.3028935185,2009-07-17,07:16:10
606,39.8601216,116.4222483,0,137.8,40011.3029166667,2009-07-17,07:16:12
607,39.8599816,116.42241489999999,0,137.8,40011.3029398148,2009-07-17,07:16:14
608,39.859866600000004,116.422455,0,137.8,40011.302962963,2009-07-17,07:16:16
609,39.8601233,116.42205,0,137.8,40011.3030092593,2009-07-17,07:16:20
610,39.8617033,116.4211883,0,121.4,40011.3032523148,2009-07-17,07:16:41
611,39.861591600000004,116.4208666,0,124.7,40011.303275463,2009-07-17,07:16:43
612,39.8616249,116.42071990000001,0,124.7,40011.3032986111,2009-07-17,07:16:45
613,39.86167329999999,116.42055990000001,0,124.7,40011.303321759304,2009-07-17,07:16:47
614,39.8617266,116.4204683,0,124.7,40011.3033449074,2009-07-17,07:16:49
615,39.8617649,116.4203983,0,124.7,40011.303368055604,2009-07-17,07:16:51
616,39.861836600000004,116.42032830000001,0,124.7,40011.3033912037,2009-07-17,07:16:53
617,39.8619283,116.4202466,0,124.7,40011.303414351896,2009-07-17,07:16:55
618,39.8620399,116.42013829999999,0,124.7,40011.3034375,2009-07-17,07:16:57
619,39.863504999999996,116.4192783,0,114.8,40011.3034606481,2009-07-17,07:16:59
620,39.8637283,116.4191533,0,114.8,40011.3034837963,2009-07-17,07:17:01
621,39.8639483,116.4191149,0,118.1,40011.3035069444,2009-07-17,07:17:03
622,39.8640916,116.41913659999999,0,118.1,40011.3035300926,2009-07-17,07:17:05
623,39.864186600000004,116.41915829999999,0,124.7,40011.3035532407,2009-07-17,07:17:07
624,39.8642249,116.4190949,0,128.0,40011.3035763889,2009-07-17,07:17:09
625,39.8642466,116.41898490000001,0,131.2,40011.3036111111,2009-07-17,07:17:12
626,39.8642549,116.418875,0,131.2,40011.3036458333,2009-07-17,07:17:15
627,39.8642833,116.4188116,0,134.5,40011.303680555604,2009-07-17,07:17:18
628,39.86428660000001,116.4187483,0,137.8,40011.3037152778,2009-07-17,07:17:21
629,39.8643016,116.41873329999999,0,141.1,40011.30375,2009-07-17,07:17:24
630,39.8643083,116.41866499999999,0,144.4,40011.3037847222,2009-07-17,07:17:27
631,39.8643116,116.41863329999998,0,144.4,40011.3038194444,2009-07-17,07:17:30
632,39.86432,116.4185883,0,147.6,40011.3038541667,2009-07-17,07:17:33
633,39.864343299999994,116.4186,0,147.6,40011.3038888889,2009-07-17,07:17:36
634,39.8643516,116.4186166,0,150.9,40011.3039351852,2009-07-17,07:17:40
635,39.8643549,116.4185966,0,150.9,40011.3039699074,2009-07-17,07:17:43
636,39.8643616,116.41853,0,150.9,40011.3040046296,2009-07-17,07:17:46
637,39.8643966,116.4184983,0,150.9,40011.3040393519,2009-07-17,07:17:49
638,39.8643866,116.41844990000001,0,150.9,40011.3040740741,2009-07-17,07:17:52
639,39.8644,116.4184183,0,150.9,40011.3041087963,2009-07-17,07:17:55
640,39.8644099,116.4184133,0,150.9,40011.3041435185,2009-07-17,07:17:58
641,39.8643849,116.41832990000002,0,150.9,40011.3041782407,2009-07-17,07:18:01
642,39.8643833,116.4182733,0,150.9,40011.304212963,2009-07-17,07:18:04
643,39.864393299999996,116.4182233,0,150.9,40011.3042476852,2009-07-17,07:18:07
644,39.86442329999999,116.41822659999998,0,150.9,40011.3042824074,2009-07-17,07:18:10
645,39.8644183,116.4181649,0,150.9,40011.3043171296,2009-07-17,07:18:13
646,39.8644183,116.4181649,0,150.9,40011.3043287037,2009-07-17,07:18:14
647,39.8644099,116.41815829999999,0,150.9,40011.3043518519,2009-07-17,07:18:16
648,39.8643833,116.41806159999999,0,150.9,40011.3043865741,2009-07-17,07:18:19
649,39.8643366,116.41800829999998,0,150.9,40011.3044212963,2009-07-17,07:18:22
650,39.8643133,116.41795829999998,0,154.2,40011.3044560185,2009-07-17,07:18:25
651,39.864265,116.41793659999999,0,154.2,40011.304490740695,2009-07-17,07:18:28
652,39.864206599999996,116.417895,0,154.2,40011.304525463,2009-07-17,07:18:31
653,39.8641766,116.41785490000001,0,154.2,40011.3045601852,2009-07-17,07:18:34
654,39.8641933,116.4178183,0,154.2,40011.3045949074,2009-07-17,07:18:37
655,39.86423320000001,116.41780490000001,0,154.2,40011.3046296296,2009-07-17,07:18:40
656,39.8642833,116.41780659999999,0,154.2,40011.3046643519,2009-07-17,07:18:43
657,39.8642966,116.41783659999999,0,154.2,40011.3046990741,2009-07-17,07:18:46
658,39.8642966,116.41783659999999,0,154.2,40011.3048611111,2009-07-17,07:19:00
659,39.8642999,116.4178416,0,154.2,40011.304884259305,2009-07-17,07:19:02
660,39.864305,116.4178199,0,154.2,40011.3049189815,2009-07-17,07:19:05
661,39.8642949,116.41777330000001,0,157.5,40011.3049537037,2009-07-17,07:19:08
662,39.864298299999994,116.41771999999999,0,157.5,40011.3049884259,2009-07-17,07:19:11
663,39.8643083,116.41765659999999,0,157.5,40011.3050231481,2009-07-17,07:19:14
664,39.8643249,116.4176249,0,157.5,40011.3050578704,2009-07-17,07:19:17
665,39.864345,116.41754329999999,0,157.5,40011.3050925926,2009-07-17,07:19:20
666,39.864363299999994,116.41748659999999,0,157.5,40011.3051273148,2009-07-17,07:19:23
667,39.8643549,116.4174966,0,157.5,40011.305162037,2009-07-17,07:19:26
668,39.8643616,116.41750829999998,0,157.5,40011.3052777778,2009-07-17,07:19:36
669,39.8643566,116.41748829999999,0,157.5,40011.3053125,2009-07-17,07:19:39
670,39.8643566,116.41748829999999,0,157.5,40011.3053240741,2009-07-17,07:19:40
671,39.8643649,116.41748,0,157.5,40011.3053472222,2009-07-17,07:19:42
672,39.8643716,116.41743989999999,0,157.5,40011.305381944396,2009-07-17,07:19:45
673,39.8643716,116.41738490000002,0,157.5,40011.3054166667,2009-07-17,07:19:48
674,39.8643766,116.41730829999999,0,157.5,40011.3054513889,2009-07-17,07:19:51
675,39.8643716,116.41727659999998,0,157.5,40011.3054861111,2009-07-17,07:19:54
676,39.8643616,116.4172783,0,157.5,40011.3055208333,2009-07-17,07:19:57
677,39.8644516,116.41726329999999,0,157.5,40011.3055555556,2009-07-17,07:20:00
678,39.8645049,116.41721159999999,0,157.5,40011.3055902778,2009-07-17,07:20:03
679,39.8645266,116.41713829999999,0,157.5,40011.305625,2009-07-17,07:20:06
680,39.8645766,116.4170899,0,157.5,40011.3056597222,2009-07-17,07:20:09
681,39.8645666,116.4170533,0,157.5,40011.305694444396,2009-07-17,07:20:12
682,39.8645516,116.41703829999999,0,157.5,40011.3057291667,2009-07-17,07:20:15
683,39.8645499,116.4170216,0,157.5,40011.3057638889,2009-07-17,07:20:18
684,39.8645616,116.4170033,0,157.5,40011.3057986111,2009-07-17,07:20:21
685,39.8645983,116.41698829999999,0,157.5,40011.3058333333,2009-07-17,07:20:24
686,39.8646433,116.41693500000001,0,157.5,40011.3058680556,2009-07-17,07:20:27
687,39.8646683,116.41686329999999,0,157.5,40011.3059027778,2009-07-17,07:20:30
688,39.864695000000005,116.41680990000002,0,157.5,40011.3059375,2009-07-17,07:20:33
689,39.864695000000005,116.4167133,0,157.5,40011.306099537,2009-07-17,07:20:47
690,39.864695000000005,116.41668659999999,0,157.5,40011.3061342593,2009-07-17,07:20:50
691,39.864689899999995,116.41664329999999,0,157.5,40011.3061689815,2009-07-17,07:20:53
692,39.8646816,116.4166116,0,157.5,40011.3062037037,2009-07-17,07:20:56
693,39.8646349,116.4165533,0,157.5,40011.306238425896,2009-07-17,07:20:59
694,39.86459489999999,116.41651999999999,0,157.5,40011.306273148104,2009-07-17,07:21:02
695,39.864548299999996,116.41645829999999,0,157.5,40011.3063078704,2009-07-17,07:21:05
696,39.8645,116.41640659999999,0,157.5,40011.3063425926,2009-07-17,07:21:08
697,39.8644266,116.41643159999998,0,157.5,40011.3063773148,2009-07-17,07:21:11
698,39.8644,116.41641499999999,0,157.5,40011.306412037,2009-07-17,07:21:14
699,39.8643866,116.41635829999998,0,157.5,40011.3064467593,2009-07-17,07:21:17
700,39.864366600000004,116.4162916,0,157.5,40011.3064814815,2009-07-17,07:21:20
701,39.864393299999996,116.41626000000001,0,157.5,40011.3065162037,2009-07-17,07:21:23
702,39.8644216,116.4162116,0,157.5,40011.306550925896,2009-07-17,07:21:26
703,39.8644533,116.41617659999999,0,157.5,40011.3065856481,2009-07-17,07:21:29
704,39.864484999999995,116.41612990000002,0,157.5,40011.3066203704,2009-07-17,07:21:32
705,39.8645383,116.41610159999998,0,157.5,40011.306655092594,2009-07-17,07:21:35
706,39.8645266,116.4160883,0,157.5,40011.3066898148,2009-07-17,07:21:38
707,39.864498299999994,116.4160966,0,157.5,40011.306724537004,2009-07-17,07:21:41
708,39.8644966,116.41607830000001,0,157.5,40011.3067592593,2009-07-17,07:21:44
709,39.8645099,116.4160433,0,157.5,40011.3067939815,2009-07-17,07:21:47
710,39.8644949,116.4160033,0,157.5,40011.3068287037,2009-07-17,07:21:50
711,39.8644933,116.4159866,0,157.5,40011.306863425896,2009-07-17,07:21:53
712,39.8644799,116.41597659999998,0,157.5,40011.3068981481,2009-07-17,07:21:56
713,39.8645083,116.4159883,0,160.8,40011.3070138889,2009-07-17,07:22:06
714,39.864513200000005,116.41596659999999,0,160.8,40011.307048611096,2009-07-17,07:22:09
715,39.864513200000005,116.41596659999999,0,160.8,40011.307337963,2009-07-17,07:22:34
716,39.864515000000004,116.41596329999999,0,160.8,40011.307361111096,2009-07-17,07:22:36
717,39.8645249,116.41596000000001,0,160.8,40011.307395833304,2009-07-17,07:22:39
718,39.86451160000001,116.4159283,0,160.8,40011.3074305556,2009-07-17,07:22:42
719,39.8644333,116.415875,0,160.8,40011.3074652778,2009-07-17,07:22:45
720,39.864366600000004,116.4158299,0,160.8,40011.3075,2009-07-17,07:22:48
721,39.864368299999995,116.41579660000001,0,160.8,40011.307534722204,2009-07-17,07:22:51
722,39.86436,116.4157583,0,160.8,40011.3075694444,2009-07-17,07:22:54
723,39.8644066,116.4157749,0,160.8,40011.3076041667,2009-07-17,07:22:57
724,39.86442329999999,116.41578159999999,0,160.8,40011.3076388889,2009-07-17,07:23:00
725,39.864415,116.41575990000001,0,160.8,40011.307673611096,2009-07-17,07:23:03
726,39.8643866,116.4157249,0,160.8,40011.3077083333,2009-07-17,07:23:06
727,39.8643533,116.4156916,0,160.8,40011.3077430556,2009-07-17,07:23:09
728,39.864366600000004,116.4157033,0,160.8,40011.307777777794,2009-07-17,07:23:12
729,39.8643533,116.4156983,0,160.8,40011.3078125,2009-07-17,07:23:15
730,39.8643366,116.4157033,0,160.8,40011.307847222204,2009-07-17,07:23:18
731,39.8643249,116.4157166,0,160.8,40011.3078819444,2009-07-17,07:23:21
732,39.8643032,116.41573329999999,0,160.8,40011.3079166667,2009-07-17,07:23:24
733,39.8642799,116.41573500000001,0,160.8,40011.3079513889,2009-07-17,07:23:27
734,39.86425,116.41573500000001,0,160.8,40011.3079861111,2009-07-17,07:23:30
735,39.8642216,116.41573159999999,0,160.8,40011.3080208333,2009-07-17,07:23:33
736,39.8641966,116.4157216,0,160.8,40011.3080555556,2009-07-17,07:23:36
737,39.864168299999996,116.41573329999999,0,160.8,40011.308090277795,2009-07-17,07:23:39
738,39.864143299999995,116.41573000000001,0,160.8,40011.308125,2009-07-17,07:23:42
739,39.864098299999995,116.41572659999999,0,164.0,40011.308159722204,2009-07-17,07:23:45
740,39.86404,116.4157066,0,164.0,40011.3081944444,2009-07-17,07:23:48
741,39.8639766,116.4157233,0,164.0,40011.3082291667,2009-07-17,07:23:51
742,39.8639333,116.4157249,0,160.8,40011.3082638889,2009-07-17,07:23:54
743,39.8638949,116.41570829999999,0,164.0,40011.3082986111,2009-07-17,07:23:57
744,39.8639083,116.4156366,0,167.3,40011.3083333333,2009-07-17,07:24:00
745,39.8639083,116.4155999,0,170.6,40011.3083680556,2009-07-17,07:24:03
746,39.8639266,116.4155316,0,173.9,40011.308402777795,2009-07-17,07:24:06
747,39.8639016,116.41550829999998,0,180.4,40011.3084375,2009-07-17,07:24:09
748,39.8639532,116.41542659999999,0,183.7,40011.308472222205,2009-07-17,07:24:12
749,39.8639733,116.41538159999999,0,187.0,40011.3085069444,2009-07-17,07:24:15
750,39.8639499,116.41540990000001,0,187.0,40011.3085416667,2009-07-17,07:24:18
751,39.863918299999995,116.4153249,0,190.3,40011.3085763889,2009-07-17,07:24:21
752,39.863915000000006,116.4153066,0,190.3,40011.3086111111,2009-07-17,07:24:24
753,39.8639,116.41530159999998,0,193.6,40011.308657407404,2009-07-17,07:24:28
754,39.8638916,116.41528490000002,0,196.9,40011.3086921296,2009-07-17,07:24:31
755,39.8638816,116.415245,0,200.1,40011.3087268519,2009-07-17,07:24:34
756,39.86386829999999,116.41523329999998,0,200.1,40011.3087615741,2009-07-17,07:24:37
757,39.8638566,116.4152166,0,203.4,40011.308796296296,2009-07-17,07:24:40
758,39.863848299999994,116.415175,0,203.4,40011.3088310185,2009-07-17,07:24:43
759,39.8638349,116.415195,0,203.4,40011.3088657407,2009-07-17,07:24:46
760,39.8638183,116.41521329999999,0,203.4,40011.308900462995,2009-07-17,07:24:49
761,39.8638133,116.4151916,0,203.4,40011.3089351852,2009-07-17,07:24:52
762,39.8638033,116.41517990000001,0,203.4,40011.308969907404,2009-07-17,07:24:55
763,39.8638,116.4151649,0,203.4,40011.3090046296,2009-07-17,07:24:58
764,39.8637716,116.4151233,0,203.4,40011.3090393519,2009-07-17,07:25:01
765,39.863718299999995,116.4151283,0,200.1,40011.3090740741,2009-07-17,07:25:04
766,39.8636616,116.41512990000001,0,200.1,40011.3091087963,2009-07-17,07:25:07
767,39.863639899999995,116.41514,0,200.1,40011.3091435185,2009-07-17,07:25:10
768,39.8636016,116.41517830000001,0,200.1,40011.3091782407,2009-07-17,07:25:13
769,39.8635466,116.41521159999999,0,200.1,40011.309212962995,2009-07-17,07:25:16
770,39.863504999999996,116.41520159999999,0,200.1,40011.3092476852,2009-07-17,07:25:19
771,39.863484899999996,116.41519,0,200.1,40011.309282407405,2009-07-17,07:25:22
772,39.8634449,116.41520659999999,0,200.1,40011.3093171296,2009-07-17,07:25:25
773,39.8634033,116.41523659999999,0,203.4,40011.3093518519,2009-07-17,07:25:28
774,39.8633816,116.41523159999998,0,203.4,40011.3093865741,2009-07-17,07:25:31
775,39.86335,116.41523659999999,0,203.4,40011.3094212963,2009-07-17,07:25:34
776,39.8633266,116.4152216,0,203.4,40011.3094560185,2009-07-17,07:25:37
777,39.8632866,116.4151966,0,203.4,40011.3094907407,2009-07-17,07:25:40
778,39.863240000000005,116.41520659999999,0,203.4,40011.309525462995,2009-07-17,07:25:43
779,39.8631916,116.41528829999999,0,203.4,40011.309560185204,2009-07-17,07:25:46
780,39.8631316,116.4153716,0,206.7,40011.309594907405,2009-07-17,07:25:49
781,39.8630583,116.41540330000001,0,206.7,40011.3096296296,2009-07-17,07:25:52
782,39.863015000000004,116.41545500000001,0,210.0,40011.3096643519,2009-07-17,07:25:55
783,39.86297329999999,116.41548829999999,0,210.0,40011.3096990741,2009-07-17,07:25:58
784,39.8629349,116.41548829999999,0,213.3,40011.3097337963,2009-07-17,07:26:01
785,39.862893299999996,116.4154933,0,213.3,40011.3097685185,2009-07-17,07:26:04
786,39.8628333,116.41548329999999,0,216.5,40011.3098032407,2009-07-17,07:26:07
787,39.8628083,116.4155183,0,216.5,40011.309837962996,2009-07-17,07:26:10
788,39.8627633,116.41545500000001,0,219.8,40011.3098726852,2009-07-17,07:26:13
789,39.862761600000006,116.4153733,0,219.8,40011.309907407405,2009-07-17,07:26:16
790,39.862758299999996,116.41533159999999,0,219.8,40011.3099421296,2009-07-17,07:26:19
791,39.86274829999999,116.41523829999998,0,219.8,40011.3099768519,2009-07-17,07:26:22
792,39.8627599,116.41516000000001,0,219.8,40011.3100115741,2009-07-17,07:26:25
793,39.862744899999996,116.41514,0,219.8,40011.3100578704,2009-07-17,07:26:29
794,39.862705,116.41513159999998,0,223.1,40011.3100925926,2009-07-17,07:26:32
795,39.8626833,116.4151183,0,223.1,40011.3101273148,2009-07-17,07:26:35
796,39.86266989999999,116.4151233,0,223.1,40011.310162037,2009-07-17,07:26:38
797,39.8626333,116.4151383,0,226.4,40011.3101967593,2009-07-17,07:26:41
798,39.8626066,116.41516329999999,0,226.4,40011.3102314815,2009-07-17,07:26:44
799,39.86256160000001,116.41519,0,226.4,40011.3102662037,2009-07-17,07:26:47
800,39.8625049,116.4152416,0,226.4,40011.3103009259,2009-07-17,07:26:50
801,39.862466600000005,116.41528329999998,0,226.4,40011.3103356481,2009-07-17,07:26:53
802,39.8624566,116.41530990000001,0,223.1,40011.310370370404,2009-07-17,07:26:56
803,39.8624299,116.4153216,0,223.1,40011.3104050926,2009-07-17,07:26:59
804,39.8624299,116.4153216,0,223.1,40011.310416666696,2009-07-17,07:27:00
805,39.862425,116.41532659999999,0,219.8,40011.3104398148,2009-07-17,07:27:02
806,39.8623416,116.41542,0,203.4,40011.3113425926,2009-07-17,07:28:20
807,39.862263299999995,116.4154966,0,203.4,40011.3113773148,2009-07-17,07:28:23
808,39.8621916,116.4155199,0,203.4,40011.311412037,2009-07-17,07:28:26
809,39.862198299999996,116.4155499,0,203.4,40011.311446759304,2009-07-17,07:28:29
810,39.8622266,116.4155449,0,203.4,40011.3115162037,2009-07-17,07:28:35
811,39.862175,116.41556159999999,0,203.4,40011.3115509259,2009-07-17,07:28:38
812,39.862120000000004,116.4155933,0,203.4,40011.311574074105,2009-07-17,07:28:40
813,39.862043299999996,116.41562330000001,0,203.4,40011.3115972222,2009-07-17,07:28:42
814,39.86194329999999,116.41562830000001,0,203.4,40011.3116203704,2009-07-17,07:28:44
815,39.861755,116.41562659999998,0,203.4,40011.3116550926,2009-07-17,07:28:47
816,39.8615833,116.4155783,0,203.4,40011.3116782407,2009-07-17,07:28:49
817,39.8613399,116.41556329999999,0,203.4,40011.311712963,2009-07-17,07:28:52
818,39.860893299999994,116.4155316,0,203.4,40011.311759259304,2009-07-17,07:28:56
819,39.8606583,116.41548490000001,0,203.4,40011.3117824074,2009-07-17,07:28:58
820,39.860409999999995,116.415525,0,203.4,40011.311805555604,2009-07-17,07:29:00
821,39.860174900000004,116.4156033,0,203.4,40011.3118287037,2009-07-17,07:29:02
822,39.8599149,116.4156433,0,203.4,40011.3118518519,2009-07-17,07:29:04
823,39.859648299999996,116.4156683,0,200.1,40011.311875,2009-07-17,07:29:06
824,39.8594033,116.4156716,0,200.1,40011.3118981481,2009-07-17,07:29:08
825,39.8587099,116.4157433,0,200.1,40011.3119675926,2009-07-17,07:29:14
826,39.85844829999999,116.41573989999999,0,200.1,40011.3119907407,2009-07-17,07:29:16
827,39.8591949,116.41653659999999,0,187.0,40011.3123263889,2009-07-17,07:29:45
828,39.858984899999996,116.4163699,0,187.0,40011.312349537,2009-07-17,07:29:47
829,39.858708299999996,116.41625829999998,0,187.0,40011.3123726852,2009-07-17,07:29:49
830,39.858391600000004,116.41619490000001,0,187.0,40011.3123958333,2009-07-17,07:29:51
831,39.8581199,116.4160716,0,183.7,40011.3124189815,2009-07-17,07:29:53
832,39.8578566,116.4159433,0,183.7,40011.3124421296,2009-07-17,07:29:55
833,39.8576016,116.41585500000001,0,183.7,40011.3124652778,2009-07-17,07:29:57
834,39.8573116,116.4157216,0,183.7,40011.3124884259,2009-07-17,07:29:59
835,39.8570633,116.4155866,0,180.4,40011.3125115741,2009-07-17,07:30:01
836,39.85679329999999,116.4154649,0,180.4,40011.3125347222,2009-07-17,07:30:03
837,39.8554266,116.4147649,0,180.4,40011.312650463,2009-07-17,07:30:13
838,39.855163299999994,116.41422659999998,0,177.2,40011.3127777778,2009-07-17,07:30:24
839,39.8553833,116.41425829999999,0,177.2,40011.3128009259,2009-07-17,07:30:26
840,39.8555366,116.4141983,0,180.4,40011.3128240741,2009-07-17,07:30:28
841,39.85566,116.41410659999998,0,177.2,40011.3128472222,2009-07-17,07:30:30
842,39.8557466,116.41400829999999,0,177.2,40011.3128703704,2009-07-17,07:30:32
843,39.8557883,116.41392659999998,0,177.2,40011.3128935185,2009-07-17,07:30:34
844,39.8558266,116.41386990000001,0,173.9,40011.3129166667,2009-07-17,07:30:36
845,39.855844899999994,116.413775,0,173.9,40011.3129398148,2009-07-17,07:30:38
846,39.855855,116.41367659999999,0,173.9,40011.312962963,2009-07-17,07:30:40
847,39.8558933,116.41358500000001,0,173.9,40011.3129861111,2009-07-17,07:30:42
848,39.8559299,116.41345659999999,0,173.9,40011.3130092593,2009-07-17,07:30:44
849,39.855995,116.41325159999998,0,173.9,40011.3130324074,2009-07-17,07:30:46
850,39.8561033,116.413025,0,167.3,40011.3130555556,2009-07-17,07:30:48
851,39.856148299999994,116.41291159999999,0,164.0,40011.3130787037,2009-07-17,07:30:50
852,39.8561699,116.4128183,0,160.8,40011.3131018518,2009-07-17,07:30:52
853,39.8561766,116.41275490000001,0,157.5,40011.313125,2009-07-17,07:30:54
854,39.8562116,116.4127033,0,157.5,40011.3131481481,2009-07-17,07:30:56
855,39.856238299999994,116.41264,0,154.2,40011.3131712963,2009-07-17,07:30:58
856,39.856263299999995,116.41255990000002,0,154.2,40011.313194444396,2009-07-17,07:31:00
857,39.8562799,116.41246159999999,0,150.9,40011.3132175926,2009-07-17,07:31:02
858,39.8562783,116.41235990000001,0,150.9,40011.313240740696,2009-07-17,07:31:04
859,39.8562816,116.41225829999999,0,147.6,40011.3132638889,2009-07-17,07:31:06
860,39.856286600000004,116.4121966,0,144.4,40011.313287037,2009-07-17,07:31:08
861,39.8562999,116.4121416,0,144.4,40011.3133101852,2009-07-17,07:31:10
862,39.85629829999999,116.41211329999999,0,141.1,40011.3133333333,2009-07-17,07:31:12
863,39.8562616,116.4120949,0,141.1,40011.3133564815,2009-07-17,07:31:14
864,39.8562483,116.4120933,0,137.8,40011.3133912037,2009-07-17,07:31:17
865,39.85625,116.41213159999998,0,137.8,40011.313425925895,2009-07-17,07:31:20
866,39.856266600000005,116.41216159999999,0,137.8,40011.3134606481,2009-07-17,07:31:23
867,39.856294899999995,116.4122033,0,134.5,40011.3134953704,2009-07-17,07:31:26
868,39.8563133,116.41223329999998,0,134.5,40011.3135300926,2009-07-17,07:31:29
869,39.856306599999996,116.4122199,0,134.5,40011.3136111111,2009-07-17,07:31:36
870,39.856308299999995,116.41216159999999,0,134.5,40011.3136458333,2009-07-17,07:31:39
871,39.8562966,116.41206499999998,0,134.5,40011.3136805556,2009-07-17,07:31:42
872,39.856288299999996,116.411925,0,134.5,40011.3137037037,2009-07-17,07:31:44
873,39.8562849,116.4117033,0,134.5,40011.313726851804,2009-07-17,07:31:46
874,39.856291600000006,116.4114166,0,134.5,40011.31375,2009-07-17,07:31:48
875,39.8562833,116.41118159999999,0,134.5,40011.313773148104,2009-07-17,07:31:50
876,39.85632329999999,116.4108483,0,134.5,40011.3137962963,2009-07-17,07:31:52
877,39.8563266,116.41057830000001,0,134.5,40011.313819444396,2009-07-17,07:31:54
878,39.8563416,116.41029990000001,0,134.5,40011.3138425926,2009-07-17,07:31:56
879,39.8563466,116.4100233,0,134.5,40011.313865740696,2009-07-17,07:31:58
880,39.8563433,116.4097533,0,131.2,40011.3138888889,2009-07-17,07:32:00
881,39.8563266,116.4094466,0,131.2,40011.313912037,2009-07-17,07:32:02
882,39.85625,116.40910990000002,0,131.2,40011.3139351852,2009-07-17,07:32:04
883,39.8561833,116.40876999999999,0,131.2,40011.3139583333,2009-07-17,07:32:06
884,39.856165000000004,116.408455,0,128.0,40011.3139814815,2009-07-17,07:32:08
885,39.8561066,116.4081149,0,128.0,40011.3140046296,2009-07-17,07:32:10
886,39.8560632,116.40777990000001,0,128.0,40011.3140277778,2009-07-17,07:32:12
887,39.8560549,116.40746659999999,0,124.7,40011.314050925896,2009-07-17,07:32:14
888,39.8560266,116.407145,0,124.7,40011.3140740741,2009-07-17,07:32:16
889,39.8559633,116.406815,0,121.4,40011.3140972222,2009-07-17,07:32:18
890,39.855911600000006,116.4064916,0,118.1,40011.3141203704,2009-07-17,07:32:20
891,39.8558899,116.4061933,0,114.8,40011.3141435185,2009-07-17,07:32:22
892,39.8558433,116.40583329999998,0,114.8,40011.3141666667,2009-07-17,07:32:24
893,39.855815,116.4054966,0,111.5,40011.3141898148,2009-07-17,07:32:26
894,39.855755,116.40472659999999,0,19.7,40011.3142476852,2009-07-17,07:32:31
895,39.8557816,116.40452830000001,0,13.1,40011.3142708333,2009-07-17,07:32:33
896,39.8559299,116.4041416,0,29.5,40011.314317129596,2009-07-17,07:32:37
897,39.855925,116.4039233,0,36.1,40011.3143402778,2009-07-17,07:32:39
898,39.8559333,116.4036949,0,39.4,40011.314363425896,2009-07-17,07:32:41
899,39.855968299999994,116.4034999,0,42.7,40011.3143865741,2009-07-17,07:32:43
900,39.855979999999995,116.4033066,0,36.1,40011.3144097222,2009-07-17,07:32:45
901,39.8559416,116.40305659999999,0,26.2,40011.3144328704,2009-07-17,07:32:47
902,39.8559333,116.40283500000001,0,19.7,40011.3144560185,2009-07-17,07:32:49
903,39.855926600000004,116.4026166,0,9.8,40011.3144791667,2009-07-17,07:32:51
904,39.855919899999996,116.40237659999998,0,0.0,40011.3145023148,2009-07-17,07:32:53
905,39.8558883,116.40215490000001,0,-6.6,40011.314525463,2009-07-17,07:32:55
906,39.85584,116.4019433,0,-13.1,40011.314548611095,2009-07-17,07:32:57
907,39.85577,116.40169660000001,0,-16.4,40011.3145717593,2009-07-17,07:32:59
908,39.8557316,116.4013933,0,-23.0,40011.3145949074,2009-07-17,07:33:01
909,39.85567329999999,116.4011466,0,-26.2,40011.3146180556,2009-07-17,07:33:03
910,39.855615,116.40092659999998,0,-29.5,40011.3146412037,2009-07-17,07:33:05
911,39.8555549,116.4007033,0,-29.5,40011.314664351805,2009-07-17,07:33:07
912,39.855501600000004,116.4004866,0,-29.5,40011.3146875,2009-07-17,07:33:09
913,39.85602,116.39930659999999,0,-52.5,40011.314780092594,2009-07-17,07:33:17
914,39.8558516,116.39900829999999,0,-32.8,40011.3148032407,2009-07-17,07:33:19
915,39.855431599999996,116.39853500000001,0,23.0,40011.3148263889,2009-07-17,07:33:21
916,39.8553316,116.39835659999999,0,32.8,40011.314849537004,2009-07-17,07:33:23
917,39.8552816,116.39828659999999,0,39.4,40011.3148726852,2009-07-17,07:33:25
918,39.8552216,116.39824329999999,0,39.4,40011.314895833304,2009-07-17,07:33:27
919,39.85517,116.3981966,0,42.7,40011.3149189815,2009-07-17,07:33:29
920,39.8551199,116.398155,0,42.7,40011.3149421296,2009-07-17,07:33:31
921,39.855084999999995,116.3981466,0,39.4,40011.3149652778,2009-07-17,07:33:33
922,39.855098299999995,116.39815829999999,0,39.4,40011.315,2009-07-17,07:33:36
923,39.855064899999995,116.3981416,0,39.4,40011.3150347222,2009-07-17,07:33:39
924,39.855058299999996,116.39808329999998,0,39.4,40011.3150810185,2009-07-17,07:33:43
925,39.855033299999995,116.39805,0,36.1,40011.3151157407,2009-07-17,07:33:46
926,39.855064899999995,116.3979866,0,36.1,40011.315150463,2009-07-17,07:33:49
927,39.855061600000006,116.39791329999998,0,36.1,40011.3151851852,2009-07-17,07:33:52
928,39.8551083,116.39780159999998,0,36.1,40011.3152199074,2009-07-17,07:33:55
929,39.8551,116.3976983,0,36.1,40011.3152430556,2009-07-17,07:33:57
930,39.855068200000005,116.3975483,0,36.1,40011.3152662037,2009-07-17,07:33:59
931,39.8549966,116.39732830000001,0,36.1,40011.3152893518,2009-07-17,07:34:01
932,39.8549833,116.3971233,0,36.1,40011.3153125,2009-07-17,07:34:03
933,39.85497,116.39690829999999,0,32.8,40011.3153356481,2009-07-17,07:34:05
934,39.854966600000004,116.39667,0,32.8,40011.3153587963,2009-07-17,07:34:07
935,39.854986600000004,116.39640829999999,0,32.8,40011.3153819444,2009-07-17,07:34:09
936,39.855025,116.39613159999999,0,32.8,40011.315405092595,2009-07-17,07:34:11
937,39.8550416,116.3958433,0,32.8,40011.3154282407,2009-07-17,07:34:13
938,39.85507,116.39551999999999,0,32.8,40011.3154513889,2009-07-17,07:34:15
939,39.855109999999996,116.39518659999999,0,32.8,40011.315474537005,2009-07-17,07:34:17
940,39.855138200000006,116.39482659999999,0,32.8,40011.3154976852,2009-07-17,07:34:19
941,39.855193299999996,116.3944949,0,32.8,40011.3155208333,2009-07-17,07:34:21
942,39.85525,116.39415829999999,0,32.8,40011.3155439815,2009-07-17,07:34:23
943,39.8534833,116.34806499999999,0,-620.1,40011.3280787037,2009-07-17,07:52:26
944,39.8528116,116.34863999999999,0,108.3,40011.3281134259,2009-07-17,07:52:29
945,39.8528716,116.34865159999998,0,108.3,40011.3281481481,2009-07-17,07:52:32
946,39.852909999999994,116.34865159999998,0,101.7,40011.3281828704,2009-07-17,07:52:35
947,39.8529316,116.34863159999999,0,101.7,40011.3282175926,2009-07-17,07:52:38
948,39.8529616,116.3486216,0,105.0,40011.3282523148,2009-07-17,07:52:41
949,39.8529883,116.3486149,0,105.0,40011.328287037,2009-07-17,07:52:44
950,39.8530199,116.34859990000001,0,105.0,40011.328321759305,2009-07-17,07:52:47
951,39.853063299999995,116.34859490000001,0,108.3,40011.3283564815,2009-07-17,07:52:50
952,39.8531033,116.34858999999999,0,108.3,40011.3283912037,2009-07-17,07:52:53
953,39.853136600000006,116.34858159999999,0,111.5,40011.3284259259,2009-07-17,07:52:56
954,39.8531749,116.34857,0,111.5,40011.3284606481,2009-07-17,07:52:59
955,39.8532116,116.3485716,0,114.8,40011.3284953704,2009-07-17,07:53:02
956,39.85325,116.3485683,0,114.8,40011.3285300926,2009-07-17,07:53:05
957,39.853286600000004,116.3485616,0,114.8,40011.3285648148,2009-07-17,07:53:08
958,39.8533266,116.34855659999998,0,114.8,40011.328599537,2009-07-17,07:53:11
959,39.8533633,116.3485433,0,111.5,40011.3286342593,2009-07-17,07:53:14
960,39.8533966,116.34853989999999,0,111.5,40011.3286689815,2009-07-17,07:53:17
961,39.8534333,116.3485533,0,111.5,40011.3287037037,2009-07-17,07:53:20
962,39.8534733,116.348555,0,111.5,40011.3287384259,2009-07-17,07:53:23
963,39.853515,116.34854490000001,0,111.5,40011.3287731481,2009-07-17,07:53:26
964,39.853558299999996,116.34853989999999,0,111.5,40011.3288078704,2009-07-17,07:53:29
965,39.85359329999999,116.34854490000001,0,114.8,40011.3288425926,2009-07-17,07:53:32
966,39.8536283,116.3485466,0,114.8,40011.3288773148,2009-07-17,07:53:35
967,39.8536583,116.34853500000001,0,114.8,40011.328912037,2009-07-17,07:53:38
968,39.853693299999996,116.3485183,0,114.8,40011.3289467593,2009-07-17,07:53:41
969,39.8537216,116.34853329999999,0,114.8,40011.3289814815,2009-07-17,07:53:44
970,39.85374829999999,116.348555,0,114.8,40011.3290162037,2009-07-17,07:53:47
971,39.853761600000006,116.34860990000001,0,114.8,40011.3290625,2009-07-17,07:53:51
972,39.853765,116.34863999999999,0,114.8,40011.3290972222,2009-07-17,07:53:54
973,39.8537599,116.34865330000001,0,114.8,40011.329131944396,2009-07-17,07:53:57
974,39.8537533,116.34864329999999,0,114.8,40011.3296296296,2009-07-17,07:54:40
975,39.8537749,116.3486683,0,114.8,40011.3296875,2009-07-17,07:54:45
976,39.8538133,116.34869990000001,0,114.8,40011.3297222222,2009-07-17,07:54:48
977,39.8538416,116.34860829999998,0,114.8,40011.3297569444,2009-07-17,07:54:51
978,39.85385,116.34857,0,114.8,40011.3297916667,2009-07-17,07:54:54
979,39.8538666,116.34855990000001,0,114.8,40011.3298263889,2009-07-17,07:54:57
980,39.8538983,116.34854490000001,0,118.1,40011.3298611111,2009-07-17,07:55:00
981,39.8539066,116.3485249,0,118.1,40011.3298958333,2009-07-17,07:55:03
982,39.853941600000006,116.3484899,0,118.1,40011.3299305556,2009-07-17,07:55:06
983,39.853969899999996,116.3484966,0,118.1,40011.3299652778,2009-07-17,07:55:09
984,39.8539683,116.34848329999998,0,118.1,40011.3300115741,2009-07-17,07:55:13
985,39.8539783,116.3484683,0,118.1,40011.3300462963,2009-07-17,07:55:16
986,39.8539999,116.34841329999999,0,121.4,40011.3300810185,2009-07-17,07:55:19
987,39.8540066,116.34838159999998,0,121.4,40011.3301157407,2009-07-17,07:55:22
988,39.8540133,116.3483466,0,121.4,40011.330150463,2009-07-17,07:55:25
989,39.8540216,116.34831329999999,0,121.4,40011.3301851852,2009-07-17,07:55:28
990,39.85401160000001,116.348295,0,121.4,40011.3302199074,2009-07-17,07:55:31
991,39.853983299999996,116.34823659999999,0,121.4,40011.330254629596,2009-07-17,07:55:34
992,39.8539666,116.34813500000001,0,121.4,40011.330289351805,2009-07-17,07:55:37
993,39.853961600000005,116.34807830000001,0,121.4,40011.3303240741,2009-07-17,07:55:40
994,39.8539666,116.34808659999999,0,124.7,40011.3305902778,2009-07-17,07:56:03
995,39.853969899999996,116.34808989999999,0,124.7,40011.3306944444,2009-07-17,07:56:12
996,39.8539716,116.3480933,0,124.7,40011.3307407407,2009-07-17,07:56:16
997,39.8539783,116.3480949,0,124.7,40011.3308680556,2009-07-17,07:56:27
998,39.8539783,116.3480949,0,124.7,40011.3308796296,2009-07-17,07:56:28
999,39.8539783,116.3480983,0,124.7,40011.3309027778,2009-07-17,07:56:30
1000,39.8539883,116.3480966,0,124.7,40011.3309375,2009-07-17,07:56:33
1001,39.8539999,116.34812659999999,0,124.7,40011.330972222204,2009-07-17,07:56:36
1002,39.85399,116.3481233,0,124.7,40011.3310069444,2009-07-17,07:56:39
1003,39.8539883,116.3480949,0,121.4,40011.3310416667,2009-07-17,07:56:42
1004,39.853986600000006,116.34812659999999,0,121.4,40011.3310763889,2009-07-17,07:56:45
1005,39.853941600000006,116.34813989999999,0,121.4,40011.331111111096,2009-07-17,07:56:48
1006,39.8538849,116.3481216,0,121.4,40011.3311458333,2009-07-17,07:56:51
1007,39.8538516,116.3480983,0,121.4,40011.3311805556,2009-07-17,07:56:54
1008,39.8538383,116.3481116,0,124.7,40011.331215277794,2009-07-17,07:56:57
1009,39.8538166,116.3480916,0,124.7,40011.33125,2009-07-17,07:57:00
1010,39.8537999,116.34806329999999,0,124.7,40011.331284722204,2009-07-17,07:57:03
1011,39.8537883,116.34803159999998,0,124.7,40011.3313194444,2009-07-17,07:57:06
1012,39.85382,116.3479983,0,124.7,40011.3313541667,2009-07-17,07:57:09
1013,39.8538516,116.34800659999999,0,124.7,40011.3315393519,2009-07-17,07:57:25
1014,39.8538416,116.34805490000001,0,124.7,40011.3315740741,2009-07-17,07:57:28
1015,39.8538299,116.3481183,0,124.7,40011.331608796296,2009-07-17,07:57:31
1016,39.853835,116.34818329999999,0,124.7,40011.331643518504,2009-07-17,07:57:34
1017,39.8538383,116.34822659999999,0,124.7,40011.3316782407,2009-07-17,07:57:37
1018,39.8538516,116.34825159999998,0,124.7,40011.331712963,2009-07-17,07:57:40
1019,39.8538733,116.3482783,0,124.7,40011.3317476852,2009-07-17,07:57:43
1020,39.8540383,116.34846329999999,0,124.7,40011.331782407404,2009-07-17,07:57:46
1021,39.8540416,116.34835829999999,0,124.7,40011.3318171296,2009-07-17,07:57:49
1022,39.8540616,116.34820829999998,0,124.7,40011.3318518519,2009-07-17,07:57:52
1023,39.8541066,116.34807659999998,0,124.7,40011.331875,2009-07-17,07:57:54
1024,39.854138299999995,116.3479433,0,124.7,40011.3318981482,2009-07-17,07:57:56
1025,39.85414829999999,116.34783490000001,0,124.7,40011.331921296296,2009-07-17,07:57:58
1026,39.8541466,116.34778159999999,0,124.7,40011.3319444444,2009-07-17,07:58:00
1027,39.854175,116.3477199,0,124.7,40011.331967592596,2009-07-17,07:58:02
1028,39.8542016,116.34763000000001,0,124.7,40011.3319907407,2009-07-17,07:58:04
1029,39.85424329999999,116.347595,0,124.7,40011.3320138889,2009-07-17,07:58:06
1030,39.8542916,116.3475666,0,124.7,40011.332037037,2009-07-17,07:58:08
1031,39.8543366,116.34757659999998,0,128.0,40011.3320717593,2009-07-17,07:58:11
1032,39.8544416,116.3475533,0,128.0,40011.332106481495,2009-07-17,07:58:14
1033,39.85455,116.34753490000001,0,128.0,40011.332141203704,2009-07-17,07:58:17
1034,39.8546716,116.3475433,0,128.0,40011.3321759259,2009-07-17,07:58:20
1035,39.8547733,116.34753490000001,0,128.0,40011.3322106482,2009-07-17,07:58:23
1036,39.8548549,116.3475366,0,128.0,40011.332233796296,2009-07-17,07:58:25
1037,39.8549066,116.3475149,0,128.0,40011.3322569444,2009-07-17,07:58:27
1038,39.8549899,116.34750990000002,0,128.0,40011.332280092596,2009-07-17,07:58:29
1039,39.8550783,116.3474933,0,128.0,40011.3323032407,2009-07-17,07:58:31
1040,39.8551449,116.3474716,0,128.0,40011.3323263889,2009-07-17,07:58:33
1041,39.8550266,116.34753159999998,0,128.0,40011.332349537,2009-07-17,07:58:35
1042,39.8550383,116.34757659999998,0,128.0,40011.3323842593,2009-07-17,07:58:38
1043,39.8551316,116.34763659999999,0,128.0,40011.332418981496,2009-07-17,07:58:41
1044,39.8550049,116.34768490000002,0,128.0,40011.332453703704,2009-07-17,07:58:44
1045,39.85483,116.34774660000001,0,128.0,40011.3324884259,2009-07-17,07:58:47
1046,39.85486829999999,116.3477716,0,131.2,40011.3325231481,2009-07-17,07:58:50
1047,39.854864899999995,116.3477966,0,131.2,40011.3325578704,2009-07-17,07:58:53
1048,39.8548433,116.34777,0,131.2,40011.3326157407,2009-07-17,07:58:58
1049,39.8547966,116.3477666,0,131.2,40011.332650462995,2009-07-17,07:59:01
1050,39.8547149,116.3477649,0,131.2,40011.3326851852,2009-07-17,07:59:04
1051,39.8546466,116.3477666,0,131.2,40011.332719907405,2009-07-17,07:59:07
1052,39.8545933,116.34777,0,131.2,40011.3327546296,2009-07-17,07:59:10
1053,39.8547249,116.3477233,0,131.2,40011.3327893519,2009-07-17,07:59:13
1054,39.854769899999994,116.34768159999999,0,131.2,40011.3328240741,2009-07-17,07:59:16
1055,39.854820000000004,116.3475983,0,131.2,40011.3328587963,2009-07-17,07:59:19
1056,39.8548566,116.34750159999999,0,131.2,40011.3328935185,2009-07-17,07:59:22
1057,39.85489329999999,116.3474716,0,131.2,40011.3329166667,2009-07-17,07:59:24
1058,39.8549583,116.34745330000001,0,131.2,40011.332951388904,2009-07-17,07:59:27
1059,39.855025,116.3474883,0,131.2,40011.3329861111,2009-07-17,07:59:30
1060,39.855084999999995,116.34747,0,131.2,40011.3330208333,2009-07-17,07:59:33
1061,39.855138200000006,116.3474216,0,131.2,40011.3330555556,2009-07-17,07:59:36
1062,39.855213299999996,116.3473283,0,131.2,40011.333090277796,2009-07-17,07:59:39
1063,39.8552349,116.34728159999999,0,131.2,40011.333125,2009-07-17,07:59:42
1064,39.855191600000005,116.34729329999999,0,131.2,40011.3331597222,2009-07-17,07:59:45
1065,39.8551416,116.34730990000001,0,131.2,40011.3331944444,2009-07-17,07:59:48
1066,39.8550599,116.3474,0,131.2,40011.333229166696,2009-07-17,07:59:51
1067,39.8549783,116.3475366,0,131.2,40011.333263888904,2009-07-17,07:59:54
1068,39.8549166,116.3476149,0,131.2,40011.333287037,2009-07-17,07:59:56
1069,39.8548716,116.3476966,0,131.2,40011.3333101852,2009-07-17,07:59:58
1070,39.8548166,116.34773829999999,0,131.2,40011.3333333333,2009-07-17,08:00:00
1071,39.85476,116.34775159999998,0,131.2,40011.3333564815,2009-07-17,08:00:02
1072,39.8547166,116.3477683,0,131.2,40011.3333796296,2009-07-17,08:00:04
1073,39.8546566,116.34777659999999,0,131.2,40011.3334143519,2009-07-17,08:00:07
1074,39.8545916,116.3477983,0,131.2,40011.3334490741,2009-07-17,08:00:10
1075,39.854465000000005,116.34790159999999,0,131.2,40011.333541666696,2009-07-17,08:00:18
1076,39.854438200000004,116.34788999999999,0,131.2,40011.3335648148,2009-07-17,08:00:20
1077,39.8543899,116.3478416,0,131.2,40011.333599537,2009-07-17,08:00:23
1078,39.8543316,116.34781329999998,0,131.2,40011.3336342593,2009-07-17,08:00:26
1079,39.8543066,116.3477666,0,131.2,40011.3336689815,2009-07-17,08:00:29
1080,39.85433,116.34774660000001,0,131.2,40011.3337037037,2009-07-17,08:00:32
1081,39.8543599,116.34770659999998,0,131.2,40011.3337384259,2009-07-17,08:00:35
1082,39.854383299999995,116.3476733,0,131.2,40011.3337731481,2009-07-17,08:00:38
1083,39.854471600000004,116.34755159999999,0,131.2,40011.333807870404,2009-07-17,08:00:41
1084,39.854611600000005,116.3474366,0,131.2,40011.3338425926,2009-07-17,08:00:44
1085,39.8546699,116.3473399,0,131.2,40011.3338657407,2009-07-17,08:00:46
1086,39.8547466,116.34723000000001,0,131.2,40011.333888888905,2009-07-17,08:00:48
1087,39.854581599999996,116.3472149,0,131.2,40011.333912037,2009-07-17,08:00:50
1088,39.854484899999996,116.34717659999998,0,131.2,40011.3339351852,2009-07-17,08:00:52
1089,39.854516600000004,116.3470916,0,131.2,40011.3339583333,2009-07-17,08:00:54
1090,39.8545599,116.3469983,0,131.2,40011.3339814815,2009-07-17,08:00:56
1091,39.8545333,116.34698329999999,0,131.2,40011.3340046296,2009-07-17,08:00:58
1092,39.854508200000005,116.34700990000002,0,131.2,40011.3340277778,2009-07-17,08:01:00
1093,39.854411600000006,116.34707490000001,0,131.2,40011.3340625,2009-07-17,08:01:03
1094,39.8543766,116.34711659999999,0,134.5,40011.3340972222,2009-07-17,08:01:06
1095,39.8543766,116.34711659999999,0,134.5,40011.3341087963,2009-07-17,08:01:07
1096,39.85437329999999,116.34710990000002,0,134.5,40011.3341319444,2009-07-17,08:01:09
1097,39.8544283,116.34707659999998,0,134.5,40011.3341666667,2009-07-17,08:01:12
1098,39.8544666,116.34706659999999,0,134.5,40011.3342013889,2009-07-17,08:01:15
1099,39.8544816,116.34705659999999,0,134.5,40011.3342361111,2009-07-17,08:01:18
1100,39.8544916,116.3470716,0,134.5,40011.3342939815,2009-07-17,08:01:23
1101,39.8544866,116.34711659999999,0,134.5,40011.3343287037,2009-07-17,08:01:26
1102,39.8544916,116.347175,0,134.5,40011.3343634259,2009-07-17,08:01:29
1103,39.8544999,116.3472416,0,134.5,40011.3343981481,2009-07-17,08:01:32
1104,39.85451,116.3472566,0,134.5,40011.3344328704,2009-07-17,08:01:35
1105,39.8544999,116.3472583,0,134.5,40011.3344675926,2009-07-17,08:01:38
1106,39.854455,116.3472666,0,134.5,40011.3345023148,2009-07-17,08:01:41
1107,39.8544866,116.3472966,0,134.5,40011.334537037,2009-07-17,08:01:44
1108,39.8544749,116.34729329999999,0,134.5,40011.334571759304,2009-07-17,08:01:47
1109,39.8544599,116.3473416,0,134.5,40011.3346064815,2009-07-17,08:01:50
1110,39.854438200000004,116.34745990000002,0,134.5,40011.3346412037,2009-07-17,08:01:53
1111,39.854440000000004,116.3475883,0,134.5,40011.334664351896,2009-07-17,08:01:55
1112,39.8544449,116.34770990000001,0,134.5,40011.3346875,2009-07-17,08:01:57
1113,39.8544666,116.3478149,0,134.5,40011.3347106481,2009-07-17,08:01:59
1114,39.8545133,116.34791159999999,0,134.5,40011.3347337963,2009-07-17,08:02:01
1115,39.85454489999999,116.34801000000002,0,134.5,40011.3347569444,2009-07-17,08:02:03
1116,39.8545533,116.3480749,0,134.5,40011.3347800926,2009-07-17,08:02:05
1117,39.8545849,116.3481483,0,134.5,40011.3348032407,2009-07-17,08:02:07
1118,39.8546016,116.34819329999999,0,134.5,40011.3348263889,2009-07-17,08:02:09
1119,39.8546166,116.34823490000002,0,134.5,40011.334849537,2009-07-17,08:02:11
1120,39.854633299999996,116.3482683,0,134.5,40011.3348726852,2009-07-17,08:02:13
1121,39.8546482,116.3482966,0,134.5,40011.3348958333,2009-07-17,08:02:15
1122,39.8546433,116.3483316,0,134.5,40011.3349189815,2009-07-17,08:02:17
1123,39.854633299999996,116.348395,0,134.5,40011.3349421296,2009-07-17,08:02:19
1124,39.8546283,116.3484449,0,134.5,40011.3349652778,2009-07-17,08:02:21
1125,39.8546166,116.34846329999999,0,134.5,40011.3349884259,2009-07-17,08:02:23
1126,39.854614899999994,116.3484933,0,134.5,40011.3350231481,2009-07-17,08:02:26
1127,39.8546183,116.34854159999999,0,134.5,40011.3350578704,2009-07-17,08:02:29
1128,39.854611600000005,116.3485749,0,134.5,40011.3350925926,2009-07-17,08:02:32
1129,39.8546316,116.3485783,0,134.5,40011.3351273148,2009-07-17,08:02:35
1130,39.854634999999995,116.34854990000001,0,134.5,40011.335162037,2009-07-17,08:02:38
1131,39.8546033,116.3485216,0,134.5,40011.335196759304,2009-07-17,08:02:41
1132,39.8545933,116.34859990000001,0,134.5,40011.3352314815,2009-07-17,08:02:44
1133,39.8545766,116.34873,0,134.5,40011.3352662037,2009-07-17,08:02:47
1134,39.854581599999996,116.34877490000001,0,134.5,40011.3352893519,2009-07-17,08:02:49
1135,39.8545766,116.34881159999999,0,134.5,40011.3353125,2009-07-17,08:02:51
1136,39.854561600000004,116.34881659999999,0,134.5,40011.3353356481,2009-07-17,08:02:53
1137,39.8545566,116.3487899,0,134.5,40011.3353703704,2009-07-17,08:02:56
1138,39.854569899999994,116.3487383,0,134.5,40011.3354050926,2009-07-17,08:02:59
1139,39.854581599999996,116.34865659999998,0,134.5,40011.3354398148,2009-07-17,08:03:02
1140,39.8545782,116.3485649,0,134.5,40011.335474537,2009-07-17,08:03:05
1141,39.8545849,116.34847490000001,0,134.5,40011.335509259305,2009-07-17,08:03:08
1142,39.8545716,116.3483433,0,134.5,40011.3355439815,2009-07-17,08:03:11
1143,39.854569899999994,116.348275,0,134.5,40011.3355671296,2009-07-17,08:03:13
1144,39.8545466,116.34818829999999,0,134.5,40011.3355902778,2009-07-17,08:03:15
1145,39.8545216,116.3481066,0,134.5,40011.3356134259,2009-07-17,08:03:17
1146,39.8545116,116.34801499999999,0,134.5,40011.3356365741,2009-07-17,08:03:19
1147,39.8545116,116.3478999,0,134.5,40011.3356597222,2009-07-17,08:03:21
1148,39.854498299999996,116.34775659999998,0,134.5,40011.3356828704,2009-07-17,08:03:23
1149,39.8544749,116.3476783,0,134.5,40011.3357060185,2009-07-17,08:03:25
1150,39.8544566,116.34761329999999,0,134.5,40011.3357291667,2009-07-17,08:03:27
1151,39.8544133,116.34750829999999,0,137.8,40011.3357523148,2009-07-17,08:03:29
1152,39.8543966,116.3474383,0,137.8,40011.335775463,2009-07-17,08:03:31
1153,39.8543583,116.3473683,0,137.8,40011.3357986111,2009-07-17,08:03:33
1154,39.8543083,116.3472983,0,137.8,40011.335821759305,2009-07-17,08:03:35
1155,39.8542666,116.3472583,0,137.8,40011.3358449074,2009-07-17,08:03:37
1156,39.85424329999999,116.3471966,0,137.8,40011.3358680556,2009-07-17,08:03:39
1157,39.8542,116.3471449,0,137.8,40011.3358912037,2009-07-17,08:03:41
1158,39.8541283,116.34709,0,137.8,40011.3359143519,2009-07-17,08:03:43
1159,39.8540566,116.34702990000001,0,137.8,40011.3359375,2009-07-17,08:03:45
1160,39.854005,116.3469716,0,137.8,40011.3359606481,2009-07-17,08:03:47
1161,39.85396,116.34690159999998,0,137.8,40011.3359837963,2009-07-17,08:03:49
1162,39.853931599999996,116.3468633,0,137.8,40011.3360069444,2009-07-17,08:03:51
1163,39.8538699,116.34680829999999,0,137.8,40011.3360300926,2009-07-17,08:03:53
1164,39.8538133,116.3467649,0,137.8,40011.336053240695,2009-07-17,08:03:55
1165,39.85378660000001,116.34675829999999,0,141.1,40011.3360763889,2009-07-17,08:03:57
1166,39.853744899999995,116.34671159999999,0,141.1,40011.336099537,2009-07-17,08:03:59
1167,39.853716600000006,116.3466366,0,141.1,40011.3361226852,2009-07-17,08:04:01
1168,39.8536899,116.34657659999998,0,141.1,40011.3361458333,2009-07-17,08:04:03
1169,39.853716600000006,116.34658,0,141.1,40011.3361689815,2009-07-17,08:04:05
1170,39.853654999999996,116.3465683,0,141.1,40011.3362384259,2009-07-17,08:04:11
1171,39.853646600000005,116.3465183,0,141.1,40011.3362731481,2009-07-17,08:04:14
